,Gene,Chr,Pos,Strand,DistanceTSS,Strength,Condition
1,FLC2,chr1,34676,+,344,64.7,Eth
2,FLC2,chr1,34676,+,344,45.2,Glu
3,ACS1,chr1,34676,-,336,64.7,Eth
4,ACS1,chr1,34676,-,336,45.2,Glu
5,FUN30,chr1,103856,+,165,31.0,Eth
6,ATS1,chr1,103856,-,25,31.0,Eth
7,CYS3,chr1,120072,+,123,25.5,Eth
8,CYS3,chr1,120072,+,123,20.8,Glu
9,EFB1,chr1,131077,+,290,108.0,Eth
10,EFB1,chr1,131077,+,290,53.0,Glu
11,SSA1,chr1,131077,-,370,108.0,Eth
12,SSA1,chr1,131077,-,370,53.0,Glu
13,YAT1,chr1,173625,+,188,80.0,Eth
14,YAT1,chr1,173625,+,188,112.0,Glu
15,PHO11,chr1,203100,+,597,27.0,Eth
16,NUC1,chr10,30167,-,137,27.0,Glu
17,PRP21,chr10,43035,+,936,27.2,Eth
18,PRP21,chr10,43035,+,936,24.4,Glu
19,ECM25,chr10,43035,+,133,27.2,Eth
20,ECM25,chr10,43035,+,133,24.4,Glu
21,RPL39,chr10,64249,+,442,26.4,Eth
22,RPS22A,chr10,64249,-,147,26.4,Eth
23,RPL39,chr10,64464,+,227,29.6,Eth
24,RPS22A,chr10,64464,-,362,29.6,Eth
25,RPL17B,chr10,79269,+,284,49.0,Eth
26,RPL17B,chr10,79269,+,284,34.0,Glu
27,ATG27,chr10,79269,-,368,49.0,Eth
28,ATG27,chr10,79269,-,368,34.0,Glu
29,ERG20,chr10,93372,+,364,139.9,Eth
30,ERG20,chr10,93372,+,364,119.8,Glu
31,SET2,chr10,93372,-,71,139.9,Eth
32,SET2,chr10,93372,-,71,119.8,Glu
33,JJJ2,chr10,104466,-,31,23.0,Glu
34,CIS3,chr10,112061,-,302,108.9,Eth
35,CIS3,chr10,112061,-,302,55.1,Glu
36,INO1,chr10,124966,-,269,1057.1,Eth
37,INO1,chr10,124966,-,269,599.5,Glu
38,SNA3,chr10,124966,-,599,1057.1,Eth
39,SNA3,chr10,124966,-,599,599.5,Glu
40,DAS1,chr10,125203,+,881,235.9,Eth
41,DAS1,chr10,125203,+,881,95.5,Glu
42,INO1,chr10,125203,-,506,235.9,Eth
43,INO1,chr10,125203,-,506,95.5,Glu
44,SNA3,chr10,125203,-,362,235.9,Eth
45,SNA3,chr10,125203,-,362,95.5,Glu
46,DAS1,chr10,125695,+,389,50.0,Eth
47,DAS1,chr10,125695,+,389,40.0,Glu
48,INO1,chr10,125695,-,998,50.0,Eth
49,INO1,chr10,125695,-,998,40.0,Glu
50,SNA3,chr10,125695,-,130,50.0,Eth
51,SNA3,chr10,125695,-,130,40.0,Glu
52,IDS2,chr10,131828,+,88,90.0,Eth
53,IDS2,chr10,131828,+,88,69.0,Glu
54,MRX5,chr10,131828,-,444,90.0,Eth
55,MRX5,chr10,131828,-,444,69.0,Glu
56,RPB4,chr10,139160,+,456,109.0,Eth
57,RPB4,chr10,139160,+,456,84.0,Glu
58,YAK1,chr10,139160,-,67,109.0,Eth
59,YAK1,chr10,139160,-,67,84.0,Glu
60,MRS3,chr10,148751,+,534,109.7,Eth
61,MRS3,chr10,148751,+,534,57.5,Glu
62,DPI8,chr10,148751,-,124,109.7,Eth
63,DPI8,chr10,148751,-,124,57.5,Glu
64,YJL118W,chr10,181096,+,669,106.0,Eth
65,YJL118W,chr10,181096,+,669,102.0,Glu
66,PHO86,chr10,181096,+,135,106.0,Eth
67,PHO86,chr10,181096,+,135,102.0,Glu
68,ASF1,chr10,184221,+,738,100.0,Eth
69,ASF1,chr10,184221,+,738,52.0,Glu
70,NCA3,chr10,184221,-,393,100.0,Eth
71,NCA3,chr10,184221,-,393,52.0,Glu
72,SET4,chr10,207923,+,216,45.9,Glu
73,PAM16,chr10,211228,+,671,27.0,Eth
74,LSB6,chr10,219992,+,482,68.0,Eth
75,LSB6,chr10,219992,+,482,44.0,Glu
76,GSH1,chr10,219992,-,209,68.0,Eth
77,GSH1,chr10,219992,-,209,44.0,Glu
78,GWT1,chr10,245894,-,58,87.0,Eth
79,GWT1,chr10,245894,-,58,65.0,Glu
80,ARG3,chr10,251756,+,285,30.0,Eth
81,NET1,chr10,277739,+,709,84.0,Eth
82,NET1,chr10,277739,+,709,52.0,Glu
83,PRY3,chr10,277739,-,417,84.0,Eth
84,PRY3,chr10,277739,-,417,52.0,Glu
85,TDH1,chr10,321121,+,344,62.9,Eth
86,TDH1,chr10,321121,+,344,49.9,Glu
87,TDH1,chr10,321274,+,191,26.1,Eth
88,TDH1,chr10,321274,+,191,26.1,Glu
89,CHM7,chr10,328504,+,697,44.0,Eth
90,CHM7,chr10,328504,+,697,40.4,Glu
91,UBX6,chr10,332129,-,212,340.0,Eth
92,UBX6,chr10,332129,-,212,292.0,Glu
93,YJL047C-A,chr10,332129,-,519,340.0,Eth
94,YJL047C-A,chr10,332129,-,519,292.0,Glu
95,MHP1,chr10,344031,+,399,104.0,Eth
96,MHP1,chr10,344031,+,399,64.0,Glu
97,RNR2,chr10,375266,+,334,141.0,Eth
98,RNR2,chr10,375266,+,334,99.0,Glu
99,VTC4,chr10,396742,-,59,40.0,Eth
100,VTC4,chr10,396742,-,59,27.0,Glu
101,MPP10,chr10,428790,+,73,88.0,Eth
102,MPP10,chr10,428790,+,73,48.0,Glu
103,MHO1,chr10,442164,+,290,38.9,Eth
104,MHO1,chr10,442164,+,290,32.0,Glu
105,MHO1,chr10,442323,+,131,70.6,Eth
106,MHO1,chr10,442323,+,131,69.6,Glu
107,SPC1,chr10,448522,-,118,26.0,Glu
108,YJR011C,chr10,448522,-,962,26.0,Glu
109,TMA22,chr10,452578,+,783,49.0,Eth
110,TMA22,chr10,452578,+,783,29.0,Glu
111,YJR015W,chr10,452578,+,185,49.0,Eth
112,YJR015W,chr10,452578,+,185,29.0,Glu
113,ESS1,chr10,458041,-,973,40.0,Eth
114,ESS1,chr10,458041,-,973,39.0,Glu
115,TES1,chr10,458041,-,267,40.0,Eth
116,TES1,chr10,458041,-,267,39.0,Glu
117,TES1,chr10,458528,-,220,55.0,Eth
118,TES1,chr10,458528,-,220,22.2,Glu
119,LSM8,chr10,458909,+,860,39.0,Eth
120,TES1,chr10,458909,-,601,39.0,Eth
121,REC107,chr10,458909,-,709,39.0,Eth
122,CYC1,chr10,515957,+,198,41.5,Eth
123,ANB1,chr10,515957,-,649,41.5,Eth
124,CYC1,chr10,516083,+,72,206.5,Eth
125,CYC1,chr10,516083,+,72,86.8,Glu
126,ANB1,chr10,516083,-,775,206.5,Eth
127,ANB1,chr10,516083,-,775,86.8,Glu
128,PTK2,chr10,540548,+,173,54.0,Eth
129,PTK2,chr10,540548,+,173,38.0,Glu
130,APS2,chr10,540548,-,329,54.0,Eth
131,APS2,chr10,540548,-,329,38.0,Glu
132,MOG1,chr10,568104,+,80,473.0,Eth
133,MOG1,chr10,568104,+,80,236.0,Glu
134,HOC1,chr10,568104,+,824,473.0,Eth
135,HOC1,chr10,568104,+,824,236.0,Glu
136,NPA3,chr10,568104,-,932,473.0,Eth
137,NPA3,chr10,568104,-,932,236.0,Glu
138,OPI3,chr10,568104,-,132,473.0,Eth
139,OPI3,chr10,568104,-,132,236.0,Glu
140,MOG1,chr10,568147,+,37,206.0,Eth
141,MOG1,chr10,568147,+,37,109.0,Glu
142,HOC1,chr10,568147,+,781,206.0,Eth
143,HOC1,chr10,568147,+,781,109.0,Glu
144,NPA3,chr10,568147,-,975,206.0,Eth
145,NPA3,chr10,568147,-,975,109.0,Glu
146,OPI3,chr10,568147,-,175,206.0,Eth
147,OPI3,chr10,568147,-,175,109.0,Glu
148,BNA2,chr10,573415,+,495,102.0,Eth
149,BNA2,chr10,573415,+,495,39.0,Glu
150,MIR1,chr10,573415,-,154,102.0,Eth
151,MIR1,chr10,573415,-,154,39.0,Glu
152,RPL43B,chr10,604208,+,934,81.9,Eth
153,RPL43B,chr10,604208,+,934,32.0,Glu
154,SFC1,chr10,604208,+,406,81.9,Eth
155,SFC1,chr10,604208,+,406,32.0,Glu
156,URA8,chr10,615419,+,257,54.3,Eth
157,URA8,chr10,615419,+,257,47.5,Glu
158,VPS25,chr10,615419,-,559,54.3,Eth
159,VPS25,chr10,615419,-,559,47.5,Glu
160,ADO1,chr10,618393,+,141,585.0,Eth
161,ADO1,chr10,618393,+,141,324.0,Glu
162,SOD1,chr10,618393,-,351,585.0,Eth
163,SOD1,chr10,618393,-,351,324.0,Glu
164,YJR115W,chr10,634277,+,818,25.3,Glu
165,RSM7,chr10,634277,-,265,25.3,Glu
166,YJR115W,chr10,634461,+,634,89.9,Eth
167,YJR115W,chr10,634461,+,634,37.7,Glu
168,RSM7,chr10,634461,-,449,89.9,Eth
169,RSM7,chr10,634461,-,449,37.7,Glu
170,YJR115W,chr10,634911,+,184,43.3,Glu
171,TDA4,chr10,634911,+,771,43.3,Glu
172,RSM7,chr10,634911,-,899,43.3,Glu
173,ATP2,chr10,642130,+,250,97.0,Eth
174,ATP2,chr10,642130,+,250,63.0,Glu
175,IBA57,chr10,644536,+,139,43.0,Eth
176,IBA57,chr10,644536,+,139,27.0,Glu
177,RSF2,chr10,658217,-,438,47.3,Eth
178,RSF2,chr10,658217,-,438,33.9,Glu
179,RSF2,chr10,658466,-,687,143.7,Eth
180,RSF2,chr10,658466,-,687,77.1,Glu
181,XPT1,chr10,667805,+,62,60.5,Eth
182,XPT1,chr10,667805,+,62,50.5,Glu
183,IML1,chr10,678555,+,951,44.0,Eth
184,IML1,chr10,678555,+,951,34.0,Glu
185,MET5,chr10,678555,-,237,44.0,Eth
186,MET5,chr10,678555,-,237,34.0,Glu
187,HOM6,chr10,685701,-,147,40.0,Eth
188,HOM6,chr10,685701,-,147,23.0,Glu
189,HMS2,chr10,698764,+,362,67.0,Eth
190,HMS2,chr10,698764,+,362,30.0,Glu
191,RPS4A,chr10,698764,-,697,67.0,Eth
192,RPS4A,chr10,698764,-,697,30.0,Glu
193,DAN4,chr10,711056,-,266,34.0,Eth
194,DAL5,chr10,714421,+,212,26.0,Eth
195,JEN1,chr11,28246,+,457,68.0,Eth
196,JEN1,chr11,28246,+,457,79.0,Glu
197,UBA1,chr11,45466,+,165,26.9,Glu
198,TRP3,chr11,45466,-,751,26.9,Glu
199,MNN4,chr11,74739,-,709,150.8,Eth
200,MNN4,chr11,74739,-,709,97.0,Glu
201,MNN4,chr11,74975,-,945,183.2,Eth
202,MNN4,chr11,74975,-,945,109.0,Glu
203,PTK1,chr11,76238,-,667,91.0,Eth
204,PTK1,chr11,76238,-,667,45.0,Glu
205,FAS1,chr11,106275,+,524,2565.1,Eth
206,FAS1,chr11,106275,+,524,1440.6,Glu
207,FAS1,chr11,106417,+,382,974.9,Eth
208,FAS1,chr11,106417,+,382,1008.4,Glu
209,RPL17A,chr11,115542,+,158,34.0,Eth
210,PIR1,chr11,149751,-,421,45.0,Eth
211,PIR1,chr11,149751,-,421,33.0,Glu
212,GPM1,chr11,171074,-,230,33.3,Glu
213,LTV1,chr11,182967,+,146,74.0,Eth
214,LTV1,chr11,182967,+,146,52.0,Glu
215,RPC25,chr11,182967,-,36,74.0,Eth
216,RPC25,chr11,182967,-,36,52.0,Glu
217,PMU1,chr11,208242,-,116,46.0,Eth
218,PMU1,chr11,208242,-,116,47.0,Glu
219,YPK1,chr11,211404,+,419,42.0,Eth
220,YPK1,chr11,211404,+,419,28.0,Glu
221,OAC1,chr11,223319,+,272,60.9,Eth
222,OAC1,chr11,223319,+,272,55.5,Glu
223,KTI12,chr11,236389,-,126,51.0,Eth
224,KTI12,chr11,236389,-,126,46.0,Glu
225,HAP4,chr11,237865,+,415,199.0,Eth
226,HAP4,chr11,237865,+,415,111.0,Glu
227,CWP2,chr11,264857,+,672,152.4,Eth
228,CWP2,chr11,264857,+,672,90.2,Glu
229,CWP2,chr11,265093,+,436,329.6,Eth
230,CWP2,chr11,265093,+,436,144.8,Glu
231,CWP1,chr11,266632,+,777,147.0,Eth
232,CWP1,chr11,266632,+,777,96.0,Glu
233,TEF4,chr11,288725,+,157,86.0,Eth
234,TEF4,chr11,288725,+,157,48.0,Glu
235,RRP14,chr11,288725,-,315,86.0,Eth
236,RRP14,chr11,288725,-,315,48.0,Glu
237,YKL068W-A,chr11,314538,+,657,65.2,Eth
238,YKL068W-A,chr11,314538,+,657,32.3,Glu
239,YKL068W-A,chr11,314857,+,338,159.8,Eth
240,YKL068W-A,chr11,314857,+,338,78.7,Glu
241,MSN4,chr11,328700,+,447,174.0,Eth
242,MSN4,chr11,328700,+,447,91.0,Glu
243,FBA1,chr11,333831,-,298,92.0,Eth
244,FBA1,chr11,333831,-,298,45.0,Glu
245,MMO1,chr11,361566,+,929,174.0,Eth
246,MMO1,chr11,361566,+,929,85.0,Glu
247,RGT1,chr11,371099,+,289,73.0,Eth
248,RGT1,chr11,371099,+,289,88.0,Glu
249,UGP1,chr11,375380,+,456,65.0,Eth
250,UGP1,chr11,375380,+,456,53.0,Glu
251,IXR1,chr11,388033,-,63,62.3,Eth
252,IXR1,chr11,388033,-,63,27.5,Glu
253,IXR1,chr11,388174,-,204,108.7,Eth
254,IXR1,chr11,388174,-,204,63.5,Glu
255,MAE1,chr11,389849,-,925,100.0,Eth
256,TCD2,chr11,393339,+,92,43.0,Eth
257,URB1,chr11,423052,-,136,45.0,Eth
258,URB1,chr11,423052,-,136,44.0,Glu
259,CAP1,chr11,434911,+,348,32.4,Eth
260,CAP1,chr11,434911,+,348,27.1,Glu
261,LAC1,chr11,434911,-,333,32.4,Eth
262,LAC1,chr11,434911,-,333,27.1,Glu
263,MET14,chr11,445599,-,184,32.3,Eth
264,MEH1,chr11,458288,+,885,26.0,Glu
265,RSC4,chr11,458288,+,134,26.0,Glu
266,PRY2,chr11,469522,+,365,90.0,Eth
267,PRY2,chr11,469522,+,365,46.0,Glu
268,YKR011C,chr11,469522,-,738,90.0,Eth
269,YKR011C,chr11,469522,-,738,46.0,Glu
270,GAP1,chr11,520322,+,603,54.0,Eth
271,GAP1,chr11,520585,+,340,57.0,Eth
272,GAP1,chr11,520585,+,340,30.0,Glu
273,MRS4,chr11,539693,-,247,28.0,Glu
274,TRM2,chr11,555453,+,13,31.0,Eth
275,AIM29,chr11,584353,+,761,24.0,Glu
276,SIS2,chr11,584353,-,143,24.0,Glu
277,PTR2,chr11,620854,+,549,103.0,Eth
278,PTR2,chr11,620854,+,549,53.0,Glu
279,MLP1,chr11,624646,+,758,30.0,Eth
280,RPL40B,chr11,624646,-,75,30.0,Eth
281,PCC1,chr11,632142,+,545,42.0,Eth
282,PCC1,chr11,632142,+,545,27.0,Glu
283,ESL2,chr11,632142,+,165,42.0,Eth
284,ESL2,chr11,632142,+,165,27.0,Glu
285,SIR1,chr11,646175,+,93,33.0,Eth
286,SIR1,chr11,646175,+,93,27.0,Glu
287,SKG1,chr11,646175,-,101,33.0,Eth
288,SKG1,chr11,646175,-,101,27.0,Glu
289,YLL058W,chr12,7556,+,845,23.4,Eth
290,YLL058W,chr12,7556,+,845,20.2,Glu
291,GTT2,chr12,7556,-,816,23.4,Eth
292,GTT2,chr12,7556,-,816,20.2,Glu
293,YLL058W,chr12,8293,+,108,72.0,Eth
294,YLL058W,chr12,8293,+,108,53.0,Glu
295,YCT1,chr12,14522,+,488,64.9,Eth
296,YCT1,chr12,14522,+,488,25.7,Glu
297,YCT1,chr12,14736,+,274,20.5,Glu
298,AQY2,chr12,21749,-,429,100.0,Eth
299,AQY2,chr12,21749,-,429,60.0,Glu
300,UBI4,chr12,50378,-,158,72.0,Eth
301,UBI4,chr12,50378,-,158,45.0,Glu
302,TPO1,chr12,69092,+,494,131.7,Eth
303,TPO1,chr12,69092,+,494,58.1,Glu
304,TPO1,chr12,69236,+,350,28.1,Eth
305,TPO1,chr12,69236,+,350,40.1,Glu
306,PAU17,chr12,78974,+,649,42.0,Eth
307,PAU17,chr12,78974,+,649,30.0,Glu
308,DPS1,chr12,96835,-,313,36.0,Eth
309,DPS1,chr12,96835,-,313,37.0,Glu
310,LOT6,chr12,153673,+,433,35.8,Eth
311,LOT6,chr12,153673,+,433,29.8,Glu
312,TEN1,chr12,153673,-,789,35.8,Eth
313,TEN1,chr12,153673,-,789,29.8,Glu
314,PSR2,chr12,164994,+,76,49.0,Eth
315,PSR2,chr12,164994,+,76,30.0,Glu
316,POM34,chr12,164994,-,269,49.0,Eth
317,POM34,chr12,164994,-,269,30.0,Glu
318,IZH3,chr12,172625,-,251,117.0,Eth
319,IZH3,chr12,172625,-,251,58.0,Glu
320,SMF3,chr12,197477,-,335,84.0,Eth
321,SMF3,chr12,197477,-,335,69.0,Glu
322,PDC1,chr12,213960,-,747,53.6,Eth
323,PDC1,chr12,213960,-,747,25.3,Glu
324,PDC1,chr12,214073,-,860,51.2,Eth
325,PDC1,chr12,214073,-,860,34.2,Glu
326,RPS0B,chr12,221195,+,107,42.1,Eth
327,RPS0B,chr12,221195,+,107,22.0,Glu
328,MEF1,chr12,253072,-,77,35.0,Eth
329,MEF1,chr12,253072,-,77,28.0,Glu
330,RFU1,chr12,260122,-,672,45.0,Eth
331,GEP5,chr12,302120,+,834,105.6,Eth
332,GEP5,chr12,302120,+,834,31.7,Glu
333,SUL2,chr12,302120,+,428,105.6,Eth
334,SUL2,chr12,302120,+,428,31.7,Glu
335,NYV1,chr12,306944,-,453,24.0,Eth
336,GIS3,chr12,308458,-,180,34.3,Eth
337,GIS3,chr12,308458,-,180,24.3,Glu
338,AHP1,chr12,347388,+,370,256.0,Eth
339,AHP1,chr12,347388,+,370,223.0,Glu
340,YLR108C,chr12,347388,-,190,256.0,Eth
341,YLR108C,chr12,347388,-,190,223.0,Glu
342,YLR112W,chr12,349336,+,426,29.0,Eth
343,CCW12,chr12,349336,-,181,29.0,Eth
344,YLR112W,chr12,349670,+,92,233.1,Eth
345,YLR112W,chr12,349670,+,92,124.5,Glu
346,HOG1,chr12,349670,+,826,233.1,Eth
347,HOG1,chr12,349670,+,826,124.5,Glu
348,CCW12,chr12,349670,-,515,233.1,Eth
349,CCW12,chr12,349670,-,515,124.5,Glu
350,YLR112W,chr12,349878,+,116,143.9,Eth
351,YLR112W,chr12,349878,+,116,86.5,Glu
352,HOG1,chr12,349878,+,618,143.9,Eth
353,HOG1,chr12,349878,+,618,86.5,Glu
354,CCW12,chr12,349878,-,723,143.9,Eth
355,CCW12,chr12,349878,-,723,86.5,Glu
356,YLR112W,chr12,350287,+,525,57.0,Eth
357,YLR112W,chr12,350287,+,525,42.0,Glu
358,HOG1,chr12,350287,+,209,57.0,Eth
359,HOG1,chr12,350287,+,209,42.0,Glu
360,CFT2,chr12,356382,+,586,37.0,Eth
361,CFT2,chr12,356382,+,586,22.0,Glu
362,AVL9,chr12,356382,-,65,37.0,Eth
363,AVL9,chr12,356382,-,65,22.0,Glu
364,YPS3,chr12,369608,-,298,31.0,Eth
365,CKI1,chr12,387055,+,372,41.4,Glu
366,USB1,chr12,387055,-,141,41.4,Glu
367,CKI1,chr12,387264,+,163,137.8,Eth
368,CKI1,chr12,387264,+,163,100.6,Glu
369,USB1,chr12,387264,-,68,137.8,Eth
370,USB1,chr12,387264,-,68,100.6,Glu
371,RRN5,chr12,403277,+,613,279.0,Eth
372,RRN5,chr12,403277,+,613,104.0,Glu
373,PUT1,chr12,403277,+,893,279.0,Eth
374,PUT1,chr12,403277,+,893,104.0,Glu
375,SLS1,chr12,403277,-,410,279.0,Eth
376,SLS1,chr12,403277,-,410,104.0,Glu
377,YLR152C,chr12,424043,-,181,57.0,Eth
378,YLR152C,chr12,424043,-,181,30.0,Glu
379,ACS2,chr12,426929,-,309,58.0,Eth
380,ACS2,chr12,426929,-,309,44.0,Glu
381,RNH203,chr12,426929,-,454,58.0,Eth
382,RNH203,chr12,426929,-,454,44.0,Glu
383,UPS2,chr12,460310,-,109,298.0,Eth
384,UPS2,chr12,460310,-,109,231.0,Glu
385,APS1,chr12,460310,-,686,298.0,Eth
386,APS1,chr12,460310,-,686,231.0,Glu
387,YLR173W,chr12,462173,+,73,34.1,Eth
388,DPH5,chr12,462173,-,98,34.1,Eth
389,IDP2,chr12,464152,+,285,52.0,Eth
390,IDP2,chr12,464152,+,285,40.0,Glu
391,CBF5,chr12,465496,+,528,24.0,Eth
392,PEX13,chr12,497034,+,47,39.0,Eth
393,PEX13,chr12,497034,+,47,31.0,Glu
394,ENT2,chr12,513866,+,407,79.0,Eth
395,ENT2,chr12,513866,+,407,46.0,Glu
396,HMX1,chr12,513866,-,314,79.0,Eth
397,HMX1,chr12,513866,-,314,46.0,Glu
398,ADY4,chr12,552109,-,56,24.0,Eth
399,ADY4,chr12,552109,-,56,23.0,Glu
400,THI7,chr12,571637,+,477,105.9,Eth
401,THI7,chr12,571637,+,477,65.0,Glu
402,THI7,chr12,571747,+,367,130.1,Eth
403,THI7,chr12,571747,+,367,78.0,Glu
404,YEF3,chr12,596345,+,203,27.0,Eth
405,YEF3,chr12,596345,+,203,24.0,Glu
406,MCP2,chr12,602254,+,108,79.0,Eth
407,MCP2,chr12,602254,+,108,59.0,Glu
408,HAP1,chr12,605760,+,176,88.0,Eth
409,HAP1,chr12,605760,+,176,75.0,Glu
410,NDL1,chr12,605760,-,881,88.0,Eth
411,NDL1,chr12,605760,-,881,75.0,Glu
412,YLR257W,chr12,617463,+,405,36.2,Eth
413,GSY2,chr12,619460,+,435,37.6,Eth
414,GSY2,chr12,619460,+,435,40.5,Glu
415,YLR283W,chr12,664049,+,674,224.3,Eth
416,YLR283W,chr12,664049,+,674,101.4,Glu
417,YLR278C,chr12,664049,-,437,224.3,Eth
418,YLR278C,chr12,664049,-,437,101.4,Glu
419,RSO55,chr12,664049,-,479,224.3,Eth
420,RSO55,chr12,664049,-,479,101.4,Glu
421,YLR283W,chr12,664275,+,448,56.7,Eth
422,YLR283W,chr12,664275,+,448,23.6,Glu
423,YLR278C,chr12,664275,-,663,56.7,Eth
424,YLR278C,chr12,664275,-,663,23.6,Glu
425,RSO55,chr12,664275,-,253,56.7,Eth
426,RSO55,chr12,664275,-,253,23.6,Glu
427,NNT1,chr12,666779,+,101,28.0,Eth
428,ECI1,chr12,666779,-,160,28.0,Eth
429,CTS1,chr12,670271,-,350,24.0,Eth
430,YLR297W,chr12,683050,+,439,61.0,Eth
431,YLR297W,chr12,683050,+,439,56.5,Glu
432,ECM38,chr12,684702,+,801,61.0,Eth
433,ECM38,chr12,684702,+,801,65.0,Glu
434,YHC1,chr12,684702,-,273,61.0,Eth
435,YHC1,chr12,684702,-,273,65.0,Glu
436,EXG1,chr12,687784,+,627,120.7,Eth
437,EXG1,chr12,687784,+,627,78.2,Glu
438,EXG1,chr12,688009,+,402,117.3,Eth
439,EXG1,chr12,688009,+,402,62.8,Glu
440,HRI1,chr12,690242,+,107,24.0,Eth
441,HRI1,chr12,690242,+,107,24.0,Glu
442,MET17,chr12,691801,+,257,43.0,Eth
443,MET17,chr12,691801,+,257,33.0,Glu
444,ACO1,chr12,697442,-,301,47.9,Eth
445,ACO1,chr12,697442,-,301,43.5,Glu
446,CDA2,chr12,706982,+,452,35.0,Eth
447,YLR307C-A,chr12,706982,-,251,35.0,Eth
448,YLR326W,chr12,741061,+,535,31.0,Eth
449,YLR326W,chr12,741061,+,535,23.0,Glu
450,RPL38,chr12,741061,-,122,31.0,Eth
451,RPL38,chr12,741061,-,122,23.0,Glu
452,YLR326W,chr12,742242,+,646,47.0,Eth
453,YLR326W,chr12,742242,+,646,27.0,Glu
454,TMA10,chr12,742242,-,772,47.0,Eth
455,TMA10,chr12,742242,-,772,27.0,Glu
456,NMA1,chr12,743294,+,948,175.3,Eth
457,NMA1,chr12,743294,+,948,102.3,Glu
458,TMA10,chr12,743294,-,280,175.3,Eth
459,TMA10,chr12,743294,-,280,102.3,Glu
460,NMA1,chr12,743513,+,729,34.7,Eth
461,TMA10,chr12,743513,-,499,34.7,Eth
462,MID2,chr12,749594,+,251,51.0,Eth
463,MID2,chr12,749594,+,251,40.2,Glu
464,NUP2,chr12,756060,+,880,63.0,Eth
465,NUP2,chr12,756060,+,880,36.0,Glu
466,RPS25B,chr12,756060,-,153,63.0,Eth
467,RPS25B,chr12,756060,-,153,36.0,Glu
468,FKS1,chr12,768825,+,455,87.0,Eth
469,FKS1,chr12,768825,+,455,56.0,Glu
470,CIS1,chr12,782495,-,309,59.7,Eth
471,CIS1,chr12,782495,-,309,45.8,Glu
472,KAP95,chr12,786304,-,223,93.4,Eth
473,KAP95,chr12,786304,-,223,48.2,Glu
474,LUG1,chr12,790338,+,91,181.7,Eth
475,LUG1,chr12,790338,+,91,84.8,Glu
476,NIT3,chr12,790338,-,464,181.7,Eth
477,NIT3,chr12,790338,-,464,84.8,Glu
478,LUG1,chr12,791057,+,628,71.0,Eth
479,LUG1,chr12,791057,+,628,68.0,Glu
480,BUD8,chr12,793974,+,609,25.0,Eth
481,TAL1,chr12,797214,-,325,37.0,Eth
482,TAL1,chr12,797214,-,325,38.0,Glu
483,ATG33,chr12,799032,+,748,121.0,Eth
484,ATG33,chr12,799032,+,748,88.0,Glu
485,ILV5,chr12,799032,-,210,121.0,Eth
486,ILV5,chr12,799032,-,210,88.0,Glu
487,ROM2,chr12,821906,+,92,58.0,Eth
488,ROM2,chr12,821906,+,92,41.0,Glu
489,ARC18,chr12,821906,-,133,58.0,Eth
490,ARC18,chr12,821906,-,133,41.0,Glu
491,ELO3,chr12,826556,+,143,28.0,Eth
492,ELO3,chr12,826556,+,143,21.0,Glu
493,STP3,chr12,831176,+,27,34.1,Eth
494,STP3,chr12,831176,+,27,28.9,Glu
495,VID22,chr12,831176,-,304,34.1,Eth
496,VID22,chr12,831176,-,304,28.9,Glu
497,FBP1,chr12,834807,-,485,90.0,Eth
498,FBP1,chr12,834807,-,485,46.0,Glu
499,CSR1,chr12,837389,+,259,35.4,Eth
500,CSR1,chr12,837389,+,259,39.4,Glu
501,SEC61,chr12,837389,-,516,35.4,Eth
502,SEC61,chr12,837389,-,516,39.4,Glu
503,CSR1,chr12,837579,+,69,107.6,Eth
504,CSR1,chr12,837579,+,69,95.6,Glu
505,SEC61,chr12,837579,-,706,107.6,Eth
506,SEC61,chr12,837579,-,706,95.6,Glu
507,VAC14,chr12,852954,+,113,53.0,Eth
508,VAC14,chr12,852954,+,113,47.0,Glu
509,IKI3,chr12,852954,-,608,53.0,Eth
510,IKI3,chr12,852954,-,608,47.0,Glu
511,SWC7,chr12,852954,-,73,53.0,Eth
512,SWC7,chr12,852954,-,73,47.0,Glu
513,RPS29A,chr12,857460,+,95,41.2,Eth
514,RPS29A,chr12,857460,+,95,33.3,Glu
515,REH1,chr12,857460,-,238,41.2,Eth
516,REH1,chr12,857460,-,238,33.3,Glu
517,ECM19,chr12,862475,+,109,26.0,Eth
518,ECM19,chr12,862475,+,109,27.0,Glu
519,CCW14,chr12,862475,+,653,26.0,Eth
520,CCW14,chr12,862475,+,653,27.0,Glu
521,STE23,chr12,862475,-,310,26.0,Eth
522,STE23,chr12,862475,-,310,27.0,Glu
523,BDF1,chr12,881239,-,139,68.0,Eth
524,BDF1,chr12,881239,-,139,44.0,Glu
525,SFP1,chr12,884166,+,220,24.2,Eth
526,SFP1,chr12,884166,+,220,31.0,Glu
527,DUS3,chr12,884166,-,218,24.2,Eth
528,DUS3,chr12,884166,-,218,31.0,Glu
529,SFP1,chr12,884221,+,165,94.8,Eth
530,SFP1,chr12,884221,+,165,21.0,Glu
531,DUS3,chr12,884221,-,273,94.8,Eth
532,DUS3,chr12,884221,-,273,21.0,Glu
533,YLR407W,chr12,891537,+,644,93.0,Eth
534,YLR407W,chr12,891537,+,644,40.0,Glu
535,RPL31B,chr12,891537,-,298,93.0,Eth
536,RPL31B,chr12,891537,-,298,40.0,Glu
537,YLR407W,chr12,892140,+,41,21.0,Glu
538,RPL31B,chr12,892140,-,901,21.0,Glu
539,VPS36,chr12,908308,+,110,71.0,Eth
540,VPS36,chr12,908308,+,110,64.0,Glu
541,PUN1,chr12,908308,-,547,71.0,Eth
542,PUN1,chr12,908308,-,547,64.0,Glu
543,CAR2,chr12,966172,+,113,103.6,Eth
544,CAR2,chr12,966172,+,113,58.5,Glu
545,DIF1,chr12,966172,-,253,103.6,Eth
546,DIF1,chr12,966172,-,253,58.5,Glu
547,CAR2,chr12,966439,+,154,134.4,Eth
548,CAR2,chr12,966439,+,154,91.5,Glu
549,DIF1,chr12,966439,-,520,134.4,Eth
550,DIF1,chr12,966439,-,520,91.5,Glu
551,RPL6B,chr12,982356,+,282,189.1,Eth
552,RPL6B,chr12,982356,+,282,126.6,Glu
553,VMA6,chr12,982356,-,592,189.1,Eth
554,VMA6,chr12,982356,-,592,126.6,Glu
555,RPL6B,chr12,982465,+,173,145.9,Eth
556,RPL6B,chr12,982465,+,173,82.4,Glu
557,VMA6,chr12,982465,-,701,145.9,Eth
558,VMA6,chr12,982465,-,701,82.4,Glu
559,YLR460C,chr12,1015062,-,328,43.9,Eth
560,YLR460C,chr12,1015062,-,328,27.9,Glu
561,GTR1,chr13,20789,+,655,128.0,Eth
562,GTR1,chr13,20789,+,655,74.9,Glu
563,PHO84,chr13,20789,-,219,128.0,Eth
564,PHO84,chr13,20789,-,219,74.9,Glu
565,YML119W,chr13,24596,+,502,53.2,Eth
566,YML119W,chr13,24596,+,502,22.1,Glu
567,NDI1,chr13,24596,-,155,53.2,Eth
568,NDI1,chr13,24596,-,155,22.1,Glu
569,URA5,chr13,50529,+,584,34.0,Eth
570,URA5,chr13,50529,+,584,26.0,Glu
571,PML39,chr13,50529,-,314,34.0,Eth
572,PML39,chr13,50529,-,314,26.0,Glu
573,CAC2,chr13,62539,+,291,44.7,Eth
574,CAC2,chr13,62539,+,291,25.1,Glu
575,NUP188,chr13,62539,-,398,44.7,Eth
576,NUP188,chr13,62539,-,398,25.1,Glu
577,TSL1,chr13,64375,+,745,108.9,Eth
578,TSL1,chr13,64375,+,745,79.4,Glu
579,CUE4,chr13,64375,-,334,108.9,Eth
580,CUE4,chr13,64375,-,334,79.4,Glu
581,TSL1,chr13,65635,+,515,25.0,Glu
582,CUE4,chr13,65635,-,926,25.0,Glu
583,UFO1,chr13,85766,+,973,104.0,Eth
584,UFO1,chr13,85766,+,973,55.0,Glu
585,RPM2,chr13,85766,-,345,104.0,Eth
586,RPM2,chr13,85766,-,345,55.0,Glu
587,UFO1,chr13,86650,+,89,148.0,Eth
588,UFO1,chr13,86650,+,89,133.0,Glu
589,RPM2,chr13,86650,-,539,148.0,Eth
590,RPM2,chr13,86650,-,539,133.0,Glu
591,HMG1,chr13,113964,-,463,416.0,Eth
592,HMG1,chr13,113964,-,463,363.0,Glu
593,RPS1B,chr13,140799,+,189,40.0,Eth
594,RPS1B,chr13,140799,+,189,24.0,Glu
595,TEM1,chr13,140799,-,323,40.0,Eth
596,TEM1,chr13,140799,-,323,24.0,Glu
597,HUG1,chr13,153733,+,513,31.0,Eth
598,HUG1,chr13,153733,+,513,22.0,Glu
599,SML1,chr13,153733,+,116,31.0,Eth
600,SML1,chr13,153733,+,116,22.0,Glu
601,CMP2,chr13,153733,+,892,31.0,Eth
602,CMP2,chr13,153733,+,892,22.0,Glu
603,NTE1,chr13,153733,-,890,31.0,Eth
604,NTE1,chr13,153733,-,890,22.0,Glu
605,CYB2,chr13,162164,-,340,53.3,Eth
606,CYB2,chr13,162164,-,340,43.9,Glu
607,CYB2,chr13,162292,-,468,49.7,Eth
608,CYB2,chr13,162292,-,468,35.1,Glu
609,TSA1,chr13,203764,+,879,68.0,Eth
610,TSA1,chr13,203764,+,879,37.0,Glu
611,YOX1,chr13,203764,+,338,68.0,Eth
612,YOX1,chr13,203764,+,338,37.0,Glu
613,RPS17A,chr13,208417,+,205,51.2,Eth
614,RPS17A,chr13,208417,+,205,26.4,Glu
615,YML6,chr13,208417,-,235,51.2,Eth
616,YML6,chr13,208417,-,235,26.4,Glu
617,PSP2,chr13,219072,+,221,33.0,Eth
618,PSP2,chr13,219072,+,221,30.0,Glu
619,YML018C,chr13,219072,-,214,33.0,Eth
620,YML018C,chr13,219072,-,214,30.0,Glu
621,MRPL39,chr13,234135,-,184,78.9,Eth
622,MRPL39,chr13,234135,-,184,51.6,Glu
623,GIS4,chr13,241657,-,331,45.4,Eth
624,GIS4,chr13,241657,-,331,31.6,Glu
625,GIS4,chr13,241881,-,555,222.6,Eth
626,GIS4,chr13,241881,-,555,242.4,Glu
627,YML003W,chr13,245737,+,474,27.0,Glu
628,GLO1,chr13,245737,-,273,27.0,Glu
629,YML003W,chr13,246768,+,557,24.0,Glu
630,MIX17,chr13,254766,+,138,30.0,Eth
631,CDC5,chr13,254766,-,518,30.0,Eth
632,PLB2,chr13,262723,-,223,32.0,Eth
633,PLB2,chr13,262723,-,223,24.0,Glu
634,PLB1,chr13,265819,-,290,194.0,Eth
635,PLB1,chr13,265819,-,290,103.0,Glu
636,ADI1,chr13,266553,+,276,30.0,Eth
637,ADI1,chr13,266553,+,276,32.0,Glu
638,ADI1,chr13,267500,+,671,64.0,Eth
639,ADI1,chr13,267500,+,671,34.0,Glu
640,ANY1,chr13,267500,+,133,64.0,Eth
641,ANY1,chr13,267500,+,133,34.0,Glu
642,HXT2,chr13,270152,+,650,58.6,Eth
643,HXT2,chr13,270152,+,650,48.0,Glu
644,HXT2,chr13,270537,+,265,49.4,Eth
645,HXT2,chr13,270537,+,265,41.0,Glu
646,BUD22,chr13,281404,+,199,22.4,Glu
647,ERG5,chr13,285748,-,447,279.2,Eth
648,ERG5,chr13,285748,-,447,106.3,Glu
649,ERG5,chr13,285768,-,467,178.8,Eth
650,ERG5,chr13,285768,-,467,155.7,Glu
651,RSF1,chr13,313280,+,99,222.0,Eth
652,RSF1,chr13,313280,+,99,187.7,Glu
653,FAR8,chr13,313280,-,248,222.0,Eth
654,FAR8,chr13,313280,-,248,187.7,Glu
655,MSN2,chr13,330173,-,461,97.0,Eth
656,MSN2,chr13,330173,-,461,48.0,Glu
657,CCS1,chr13,330173,-,879,97.0,Eth
658,CCS1,chr13,330173,-,879,48.0,Glu
659,ARG80,chr13,335895,+,627,63.6,Eth
660,ARG80,chr13,335895,+,627,32.5,Glu
661,MCM1,chr13,335895,+,727,63.6,Eth
662,MCM1,chr13,335895,+,727,32.5,Glu
663,ARG80,chr13,336016,+,748,34.4,Eth
664,ARG80,chr13,336016,+,748,32.5,Glu
665,MCM1,chr13,336016,+,606,34.4,Eth
666,MCM1,chr13,336016,+,606,32.5,Glu
667,MCM1,chr13,336730,+,108,28.0,Eth
668,MCM1,chr13,336730,+,108,24.0,Glu
669,NAT4,chr13,379570,+,581,556.5,Eth
670,NAT4,chr13,379570,+,581,244.9,Glu
671,MOT3,chr13,379570,+,580,556.5,Eth
672,MOT3,chr13,379570,+,580,244.9,Glu
673,NAT4,chr13,379759,+,770,503.5,Eth
674,NAT4,chr13,379759,+,770,325.1,Glu
675,MOT3,chr13,379759,+,391,503.5,Eth
676,MOT3,chr13,379759,+,391,325.1,Glu
677,ISF1,chr13,403058,-,620,111.0,Eth
678,ISF1,chr13,403058,-,620,64.0,Glu
679,ADH3,chr13,405666,+,296,217.0,Eth
680,ADH3,chr13,405666,+,296,90.0,Glu
681,SEG1,chr13,410242,+,154,34.0,Eth
682,SPG4,chr13,454246,+,277,98.0,Eth
683,SPG4,chr13,454246,+,277,48.0,Glu
684,SPG4,chr13,454730,+,207,37.0,Eth
685,SPG4,chr13,454730,+,207,26.0,Glu
686,ILV2,chr13,454730,+,705,37.0,Eth
687,ILV2,chr13,454730,+,705,26.0,Glu
688,NCW1,chr13,488283,+,450,51.5,Eth
689,NCW1,chr13,488283,+,450,39.3,Glu
690,RPL15B,chr13,488283,-,438,51.5,Eth
691,RPL15B,chr13,488283,-,438,39.3,Glu
692,NCW1,chr13,488499,+,234,81.5,Eth
693,NCW1,chr13,488499,+,234,38.7,Glu
694,RPL15B,chr13,488499,-,654,81.5,Eth
695,RPL15B,chr13,488499,-,654,38.7,Glu
696,PKR1,chr13,491600,+,573,47.0,Eth
697,PKR1,chr13,491600,+,573,38.0,Glu
698,GAT2,chr13,518040,+,492,130.4,Eth
699,GAT2,chr13,518040,+,492,77.3,Glu
700,GID8,chr13,518040,-,500,130.4,Eth
701,GID8,chr13,518040,-,500,77.3,Glu
702,GAT2,chr13,518102,+,430,144.6,Eth
703,GAT2,chr13,518102,+,430,54.7,Glu
704,GID8,chr13,518102,-,562,144.6,Eth
705,GID8,chr13,518102,-,562,54.7,Glu
706,CIN4,chr13,523275,+,665,41.0,Eth
707,CIN4,chr13,523275,+,665,28.0,Glu
708,RIM11,chr13,523275,+,113,41.0,Eth
709,RIM11,chr13,523275,+,113,28.0,Glu
710,PSO2,chr13,523275,-,802,41.0,Eth
711,PSO2,chr13,523275,-,802,28.0,Glu
712,RPS16A,chr13,528940,+,411,51.0,Eth
713,RPS16A,chr13,528940,+,411,37.0,Glu
714,RPL13B,chr13,528940,-,262,51.0,Eth
715,RPL13B,chr13,528940,-,262,37.0,Glu
716,NDE1,chr13,534310,-,175,158.0,Eth
717,NDE1,chr13,534310,-,175,56.0,Glu
718,NDE1,chr13,534669,-,534,58.3,Eth
719,NDE1,chr13,534669,-,534,26.3,Glu
720,NDE1,chr13,534958,-,823,79.7,Eth
721,NDE1,chr13,534958,-,823,30.7,Glu
722,DDR48,chr13,585721,+,330,29.0,Eth
723,DDR48,chr13,585721,+,330,31.0,Glu
724,RGM1,chr13,603001,-,305,28.0,Eth
725,SSO2,chr13,604320,-,959,30.0,Eth
726,HSC82,chr13,609639,+,94,284.0,Eth
727,HSC82,chr13,609639,+,94,172.0,Glu
728,SPG5,chr13,622978,+,70,70.0,Eth
729,SPG5,chr13,622978,+,70,38.0,Glu
730,SGS1,chr13,622978,-,163,70.0,Eth
731,SGS1,chr13,622978,-,163,38.0,Glu
732,ICY1,chr13,630501,+,846,126.0,Eth
733,ICY1,chr13,630501,+,846,75.0,Glu
734,CMC4,chr13,630501,-,198,126.0,Eth
735,CMC4,chr13,630501,-,198,75.0,Glu
736,ICY1,chr13,630848,+,499,227.0,Eth
737,ICY1,chr13,630848,+,499,87.0,Glu
738,CMC4,chr13,630848,-,545,227.0,Eth
739,CMC4,chr13,630848,-,545,87.0,Glu
740,CLN1,chr13,639380,+,471,184.0,Eth
741,CLN1,chr13,639387,+,464,93.0,Glu
742,RNT1,chr13,727208,-,91,30.6,Eth
743,RNT1,chr13,727208,-,91,26.7,Glu
744,YHM2,chr13,728887,+,306,65.0,Eth
745,YHM2,chr13,728887,+,306,31.0,Glu
746,CUS1,chr13,728887,-,211,65.0,Eth
747,CUS1,chr13,728887,-,211,31.0,Glu
748,RPL20A,chr13,731729,-,22,61.0,Eth
749,RPL20A,chr13,731729,-,22,25.0,Glu
750,YMR244W,chr13,733723,+,817,22.6,Glu
751,ZRC1,chr13,733723,-,69,22.6,Glu
752,FAA4,chr13,736335,+,816,184.0,Eth
753,FAA4,chr13,736335,+,816,96.0,Glu
754,COA6,chr13,736335,-,108,184.0,Eth
755,COA6,chr13,736335,-,108,96.0,Glu
756,FAA4,chr13,737687,+,536,33.4,Eth
757,HOR7,chr13,751278,+,373,187.0,Eth
758,HOR7,chr13,751278,+,373,114.0,Glu
759,YMR262W,chr13,771557,+,930,30.4,Eth
760,YMR262W,chr13,771557,+,930,24.2,Glu
761,SAP30,chr13,771557,+,277,30.4,Eth
762,SAP30,chr13,771557,+,277,24.2,Glu
763,SAP30,chr13,771690,+,144,37.6,Eth
764,SAP30,chr13,771690,+,144,38.8,Glu
765,CUE1,chr13,771690,+,998,37.6,Eth
766,CUE1,chr13,771690,+,998,38.8,Glu
767,RSN1,chr13,774894,+,544,72.0,Eth
768,RSN1,chr13,774894,+,544,48.0,Glu
769,YMR265C,chr13,774894,-,50,72.0,Eth
770,YMR265C,chr13,774894,-,50,48.0,Glu
771,AEP2,chr13,811374,-,643,31.0,Glu
772,RIT1,chr13,813788,-,66,38.8,Eth
773,RIT1,chr13,813788,-,66,30.9,Glu
774,TDA1,chr13,829059,+,362,35.2,Eth
775,HAS1,chr13,829059,-,574,35.2,Eth
776,ADE4,chr13,844223,-,143,27.0,Eth
777,ATM1,chr13,846644,-,102,25.0,Glu
778,YME2,chr13,849846,-,321,46.0,Eth
779,YME2,chr13,849846,-,321,38.0,Glu
780,GAS1,chr13,863464,+,319,158.0,Eth
781,GAS1,chr13,863464,+,319,101.0,Glu
782,MRPS18,chr14,47917,+,350,112.9,Eth
783,MRPS18,chr14,47917,+,350,67.5,Glu
784,MCK1,chr14,47917,-,40,112.9,Eth
785,MCK1,chr14,47917,-,40,67.5,Glu
786,RPS19B,chr14,53327,-,216,37.4,Eth
787,CLA4,chr14,58799,+,51,31.0,Eth
788,PCL1,chr14,77757,+,197,257.0,Eth
789,PCL1,chr14,77757,+,197,147.0,Glu
790,POP3,chr14,97293,+,306,36.2,Eth
791,WSC2,chr14,97293,-,311,36.2,Eth
792,PRM1,chr14,100555,+,292,21.5,Glu
793,ERG24,chr14,100555,-,147,21.5,Glu
794,MET2,chr14,106617,+,558,72.3,Eth
795,MET2,chr14,106617,+,558,58.2,Glu
796,MET2,chr14,106930,+,245,26.7,Eth
797,FOL1,chr14,154327,+,125,36.0,Eth
798,FOL1,chr14,154327,+,125,35.0,Glu
799,SIP3,chr14,154327,-,37,36.0,Eth
800,SIP3,chr14,154327,-,37,35.0,Glu
801,VPS75,chr14,175248,+,109,65.7,Eth
802,VPS75,chr14,175248,+,109,53.8,Glu
803,ZWF1,chr14,188633,-,688,128.0,Eth
804,ZWF1,chr14,188633,-,688,51.0,Glu
805,LAP3,chr14,190309,+,135,26.8,Eth
806,NAR1,chr14,190309,-,375,26.8,Eth
807,PDR16,chr14,207228,-,128,60.3,Eth
808,PDR16,chr14,207228,-,128,34.0,Glu
809,PDR16,chr14,207482,-,382,55.7,Eth
810,PDR16,chr14,207482,-,382,30.0,Glu
811,ADE12,chr14,223812,+,414,47.0,Eth
812,ADE12,chr14,223812,+,414,27.0,Glu
813,POP1,chr14,223812,-,131,47.0,Eth
814,POP1,chr14,223812,-,131,27.0,Glu
815,PPN2,chr14,230034,+,174,33.0,Eth
816,YNL208W,chr14,244069,+,234,77.0,Eth
817,YNL208W,chr14,244069,+,234,49.0,Glu
818,YNL193W,chr14,263943,+,309,50.0,Eth
819,YNL193W,chr14,263943,+,309,31.0,Glu
820,YNL194C,chr14,263943,-,326,50.0,Eth
821,YNL194C,chr14,263943,-,326,31.0,Glu
822,CHS1,chr14,265990,+,301,50.0,Eth
823,CHS1,chr14,265990,+,301,47.0,Glu
824,UBP10,chr14,279081,+,127,63.0,Eth
825,UBP10,chr14,279081,+,127,42.0,Glu
826,RPS3,chr14,291716,+,839,271.9,Eth
827,RPS3,chr14,291716,+,839,193.4,Glu
828,RHO5,chr14,291716,-,985,271.9,Eth
829,RHO5,chr14,291716,-,985,193.4,Glu
830,RPS3,chr14,291950,+,605,113.1,Eth
831,RPS3,chr14,291950,+,605,54.6,Glu
832,NOP13,chr14,298714,-,179,107.0,Eth
833,NOP13,chr14,298714,-,179,77.0,Glu
834,PSD1,chr14,307549,-,61,44.3,Eth
835,PSD1,chr14,307549,-,61,34.6,Glu
836,PSD1,chr14,307712,-,102,76.2,Eth
837,PSD1,chr14,307712,-,102,98.1,Glu
838,PSD1,chr14,307795,-,185,117.5,Eth
839,PSD1,chr14,307795,-,185,33.3,Glu
840,FMP41,chr14,307795,-,939,117.5,Eth
841,FMP41,chr14,307795,-,939,33.3,Glu
842,RPL42A,chr14,321113,+,49,84.0,Eth
843,RPL42A,chr14,321113,+,49,62.0,Glu
844,YGP1,chr14,325900,+,474,69.0,Eth
845,YGP1,chr14,325900,+,474,60.0,Glu
846,CUZ1,chr14,332127,+,169,28.5,Glu
847,NSG2,chr14,332127,-,104,28.5,Glu
848,LSM7,chr14,339903,+,844,113.1,Eth
849,LSM7,chr14,339903,+,844,63.0,Glu
850,PGA2,chr14,339903,-,245,113.1,Eth
851,PGA2,chr14,339903,-,245,63.0,Glu
852,ALF1,chr14,339903,-,663,113.1,Eth
853,ALF1,chr14,339903,-,663,63.0,Glu
854,LSM7,chr14,340103,+,644,259.9,Eth
855,LSM7,chr14,340103,+,644,137.0,Glu
856,PGA2,chr14,340103,-,445,259.9,Eth
857,PGA2,chr14,340103,-,445,137.0,Glu
858,ALF1,chr14,340103,-,463,259.9,Eth
859,ALF1,chr14,340103,-,463,137.0,Glu
860,LSM7,chr14,341627,+,880,30.0,Eth
861,MFA2,chr14,341627,+,630,30.0,Eth
862,MFA2,chr14,342117,+,140,28.8,Glu
863,YNL144C,chr14,345620,-,579,155.0,Eth
864,YNL144C,chr14,345620,-,579,83.0,Glu
865,YNL134C,chr14,363628,-,168,42.0,Eth
866,YNL134C,chr14,363628,-,168,50.0,Glu
867,FYV6,chr14,363628,-,918,42.0,Eth
868,FYV6,chr14,363628,-,918,50.0,Glu
869,KRE33,chr14,364597,+,467,42.3,Eth
870,KRE33,chr14,364597,+,467,30.3,Glu
871,FYV6,chr14,364597,-,51,42.3,Eth
872,FYV6,chr14,364597,-,51,30.3,Glu
873,KRE33,chr14,364827,+,237,21.7,Glu
874,FYV6,chr14,364827,-,281,21.7,Glu
875,NRK1,chr14,370822,+,298,496.0,Eth
876,NRK1,chr14,370822,+,298,520.0,Glu
877,CPT1,chr14,370822,-,115,496.0,Eth
878,CPT1,chr14,370822,-,115,520.0,Glu
879,ESBP6,chr14,382418,-,205,26.0,Eth
880,ESBP6,chr14,382418,-,205,26.2,Glu
881,NAF1,chr14,382730,+,827,31.0,Eth
882,ESBP6,chr14,382730,-,517,31.0,Eth
883,MET4,chr14,416779,+,585,74.1,Eth
884,MET4,chr14,416779,+,585,30.9,Glu
885,LEU4,chr14,416779,-,120,74.1,Eth
886,LEU4,chr14,416779,-,120,30.9,Glu
887,MET4,chr14,416828,+,536,38.9,Eth
888,LEU4,chr14,416828,-,169,38.9,Eth
889,MET4,chr14,417064,+,300,124.4,Eth
890,MET4,chr14,417064,+,300,37.2,Glu
891,LEU4,chr14,417064,-,405,124.4,Eth
892,LEU4,chr14,417064,-,405,37.2,Glu
893,MET4,chr14,417226,+,138,154.6,Eth
894,MET4,chr14,417226,+,138,96.8,Glu
895,LEU4,chr14,417226,-,567,154.6,Eth
896,LEU4,chr14,417226,-,567,96.8,Glu
897,AVT4,chr14,424460,+,119,133.0,Eth
898,AVT4,chr14,424460,+,119,83.0,Glu
899,RAS2,chr14,430704,-,308,25.3,Eth
900,RAS2,chr14,430704,-,308,37.3,Glu
901,RAS2,chr14,430909,-,513,50.7,Eth
902,RAS2,chr14,430909,-,513,28.7,Glu
903,PHO23,chr14,432270,-,20,32.0,Eth
904,PHO23,chr14,432270,-,20,22.0,Glu
905,RHO2,chr14,446085,+,86,55.0,Eth
906,RHO2,chr14,446085,+,86,35.0,Glu
907,EOS1,chr14,468022,-,68,149.7,Eth
908,EOS1,chr14,468022,-,68,97.4,Glu
909,TPM1,chr14,468022,-,933,149.7,Eth
910,TPM1,chr14,468022,-,933,97.4,Glu
911,MKS1,chr14,473000,+,36,29.0,Eth
912,SUN4,chr14,490604,+,46,43.0,Eth
913,SUN4,chr14,490604,+,46,32.0,Glu
914,AQR1,chr14,492962,+,387,32.8,Eth
915,AQR1,chr14,492962,+,387,24.5,Glu
916,AQR1,chr14,493134,+,215,39.2,Eth
917,AQR1,chr14,493134,+,215,22.5,Glu
918,POR1,chr14,508798,-,196,122.0,Eth
919,POR1,chr14,508798,-,196,51.0,Glu
920,POR1,chr14,509401,-,799,59.0,Eth
921,COX5A,chr14,520807,+,599,37.0,Eth
922,COX5A,chr14,520807,+,599,25.0,Glu
923,COX5A,chr14,521502,+,96,36.0,Eth
924,COG5,chr14,521502,+,863,36.0,Eth
925,YNL046W,chr14,531705,+,334,32.0,Eth
926,YNL046W,chr14,531705,+,334,34.0,Glu
927,LAP2,chr14,531705,+,991,32.0,Eth
928,LAP2,chr14,531705,+,991,34.0,Glu
929,SLM2,chr14,531705,-,83,32.0,Eth
930,SLM2,chr14,531705,-,83,34.0,Glu
931,YIP3,chr14,534819,+,90,194.0,Eth
932,YIP3,chr14,534819,+,90,151.0,Glu
933,YIP3,chr14,535839,+,930,27.0,Eth
934,YIP3,chr14,535839,+,930,32.0,Glu
935,NCE103,chr14,549187,+,288,46.3,Eth
936,NCE103,chr14,549187,+,288,25.0,Glu
937,IDH1,chr14,549187,-,368,46.3,Eth
938,IDH1,chr14,549187,-,368,25.0,Glu
939,HHF2,chr14,566024,+,380,74.0,Eth
940,HHF2,chr14,566024,+,380,35.0,Glu
941,HHT2,chr14,566024,-,251,74.0,Eth
942,HHT2,chr14,566024,-,251,35.0,Glu
943,PBI2,chr14,594778,+,260,257.0,Eth
944,PBI2,chr14,594778,+,260,173.0,Glu
945,PBI2,chr14,595666,+,628,27.0,Glu
946,HEF3,chr14,595666,+,288,27.0,Glu
947,PET8,chr14,615709,-,149,33.0,Eth
948,SWM2,chr14,625132,+,484,36.9,Eth
949,SWM2,chr14,625132,+,484,37.6,Glu
950,RPC34,chr14,625132,-,99,36.9,Eth
951,RPC34,chr14,625132,-,99,37.6,Glu
952,CSE2,chr14,633362,+,39,33.0,Eth
953,CSE2,chr14,633362,+,39,31.0,Glu
954,TIM23,chr14,651763,+,645,891.2,Eth
955,TIM23,chr14,651763,+,645,577.0,Glu
956,ACC1,chr14,651763,-,163,891.2,Eth
957,ACC1,chr14,651763,-,163,577.0,Glu
958,TIM23,chr14,652064,+,344,211.8,Eth
959,TIM23,chr14,652064,+,344,120.0,Glu
960,ACC1,chr14,652064,-,464,211.8,Eth
961,ACC1,chr14,652064,-,464,120.0,Glu
962,BDS1,chr15,5723,+,294,64.0,Eth
963,BDS1,chr15,5723,+,294,29.0,Glu
964,ZPS1,chr15,34460,+,108,58.3,Eth
965,ZPS1,chr15,34460,+,108,27.3,Glu
966,HRP1,chr15,87329,+,80,36.6,Eth
967,HRP1,chr15,87329,+,80,21.4,Glu
968,TRM11,chr15,87329,-,613,36.6,Eth
969,TRM11,chr15,87329,-,613,21.4,Glu
970,RPS19A,chr15,93037,-,226,30.0,Eth
971,SKM1,chr15,103855,+,269,23.0,Glu
972,PTH4,chr15,103855,-,9,23.0,Glu
973,SHR5,chr15,108918,+,173,35.0,Glu
974,MDY2,chr15,108918,-,46,35.0,Glu
975,SHR5,chr15,109527,+,436,100.3,Eth
976,SHR5,chr15,109527,+,436,39.1,Glu
977,ZEO1,chr15,109527,+,641,100.3,Eth
978,ZEO1,chr15,109527,+,641,39.1,Glu
979,MDY2,chr15,109527,-,655,100.3,Eth
980,MDY2,chr15,109527,-,655,39.1,Glu
981,SHR5,chr15,109734,+,643,310.7,Eth
982,SHR5,chr15,109734,+,643,131.9,Glu
983,ZEO1,chr15,109734,+,434,310.7,Eth
984,ZEO1,chr15,109734,+,434,131.9,Glu
985,MDY2,chr15,109734,-,862,310.7,Eth
986,MDY2,chr15,109734,-,862,131.9,Glu
987,YOL107W,chr15,111928,+,38,67.0,Eth
988,YOL107W,chr15,111928,+,38,55.0,Glu
989,INO4,chr15,111928,-,117,67.0,Eth
990,INO4,chr15,111928,-,117,55.0,Glu
991,PKH2,chr15,122318,+,691,37.0,Eth
992,IZH4,chr15,122318,-,345,37.0,Eth
993,PHM7,chr15,155829,+,415,166.0,Eth
994,PHM7,chr15,155829,+,415,104.0,Glu
995,GPD2,chr15,210675,+,434,78.0,Eth
996,GPD2,chr15,210675,+,434,75.0,Glu
997,MAM3,chr15,210675,-,501,78.0,Eth
998,MAM3,chr15,210675,-,501,75.0,Glu
999,ARG1,chr15,212259,+,843,40.1,Eth
1000,ARG1,chr15,212259,+,843,28.2,Glu
1001,ARG1,chr15,212747,+,355,154.6,Eth
1002,ARG1,chr15,212747,+,355,145.2,Glu
1003,DDR2,chr15,226200,-,456,172.0,Eth
1004,DDR2,chr15,226200,-,456,114.0,Glu
1005,DDR2,chr15,226738,-,994,26.0,Eth
1006,SPE2,chr15,226738,-,868,26.0,Eth
1007,RPP2A,chr15,247867,+,352,58.0,Eth
1008,RPP2A,chr15,247867,+,352,24.0,Glu
1009,RPS15,chr15,247867,-,303,58.0,Eth
1010,RPS15,chr15,247867,-,303,24.0,Glu
1011,SMC5,chr15,253202,+,644,35.0,Eth
1012,SMC5,chr15,253202,+,644,41.0,Glu
1013,LAG2,chr15,267873,+,972,130.0,Eth
1014,LAG2,chr15,267873,+,972,89.0,Glu
1015,MDM38,chr15,267873,-,196,130.0,Eth
1016,MDM38,chr15,267873,-,196,89.0,Glu
1017,MIM1,chr15,267873,-,441,130.0,Eth
1018,MIM1,chr15,267873,-,441,89.0,Glu
1019,TAT2,chr15,279720,+,279,43.0,Eth
1020,TAT2,chr15,279720,+,279,33.0,Glu
1021,DIS3,chr15,279720,-,289,43.0,Eth
1022,DIS3,chr15,279720,-,289,33.0,Glu
1023,IRC10,chr15,290333,+,35,29.0,Eth
1024,CMK2,chr15,290333,-,240,29.0,Eth
1025,PLB3,chr15,304362,+,818,185.0,Eth
1026,PLB3,chr15,304362,+,818,103.0,Glu
1027,HTZ1,chr15,304362,-,414,185.0,Eth
1028,HTZ1,chr15,304362,-,414,103.0,Glu
1029,RCL1,chr15,307627,+,105,47.0,Eth
1030,RCL1,chr15,307627,+,105,63.0,Glu
1031,PFA4,chr15,322912,-,85,34.0,Eth
1032,SLG1,chr15,342565,-,148,33.0,Glu
1033,AUS1,chr15,348925,+,394,29.0,Eth
1034,AUS1,chr15,348925,+,394,37.0,Glu
1035,MCO10,chr15,370752,+,666,24.0,Glu
1036,HSP10,chr15,370752,-,93,24.0,Glu
1037,MCO10,chr15,371333,+,85,65.0,Eth
1038,MCO10,chr15,371333,+,85,55.0,Glu
1039,HSP10,chr15,371333,-,674,65.0,Eth
1040,HSP10,chr15,371333,-,674,55.0,Glu
1041,HST3,chr15,377756,+,224,80.0,Eth
1042,HST3,chr15,377756,+,224,36.0,Glu
1043,AHC1,chr15,377756,-,192,80.0,Eth
1044,AHC1,chr15,377756,-,192,36.0,Glu
1045,CIN5,chr15,384553,-,314,30.1,Eth
1046,CIN5,chr15,384553,-,314,27.9,Glu
1047,CIN5,chr15,384852,-,613,24.1,Glu
1048,IRC23,chr15,412403,+,265,24.0,Glu
1049,VHS3,chr15,430021,-,115,28.0,Eth
1050,VHS3,chr15,430021,-,115,27.0,Glu
1051,RPL3,chr15,443794,+,757,132.0,Eth
1052,RPL3,chr15,443794,+,757,104.0,Glu
1053,YOR062C,chr15,443794,-,325,132.0,Eth
1054,YOR062C,chr15,443794,-,325,104.0,Glu
1055,CYT1,chr15,446545,+,540,34.2,Eth
1056,YNG1,chr15,446545,-,81,34.2,Eth
1057,CYT1,chr15,446778,+,307,51.8,Eth
1058,CYT1,chr15,446778,+,307,37.5,Glu
1059,YNG1,chr15,446778,-,152,51.8,Eth
1060,YNG1,chr15,446778,-,152,37.5,Glu
1061,NRT1,chr15,461757,-,140,67.5,Eth
1062,NRT1,chr15,461757,-,140,45.4,Glu
1063,WHI5,chr15,479725,+,368,95.0,Eth
1064,WHI5,chr15,479725,+,368,37.0,Glu
1065,LPX1,chr15,479725,+,741,95.0,Eth
1066,LPX1,chr15,479725,+,741,37.0,Glu
1067,TGL5,chr15,479725,-,625,95.0,Eth
1068,TGL5,chr15,479725,-,625,37.0,Glu
1069,WHI5,chr15,480182,+,825,213.0,Eth
1070,WHI5,chr15,480182,+,825,58.0,Glu
1071,LPX1,chr15,480182,+,284,213.0,Eth
1072,LPX1,chr15,480182,+,284,58.0,Glu
1073,TCB1,chr15,486533,-,338,22.0,Glu
1074,TMA46,chr15,494203,+,933,39.6,Eth
1075,TMA46,chr15,494203,+,933,39.1,Glu
1076,ECM3,chr15,494203,+,626,39.6,Eth
1077,ECM3,chr15,494203,+,626,39.1,Glu
1078,ECM3,chr15,494482,+,347,122.4,Eth
1079,ECM3,chr15,494482,+,347,69.9,Glu
1080,RKI1,chr15,504516,-,219,60.8,Eth
1081,KTR1,chr15,511281,+,326,32.0,Eth
1082,KTR1,chr15,511281,+,326,30.0,Glu
1083,NUP1,chr15,511281,-,144,32.0,Eth
1084,NUP1,chr15,511281,-,144,30.0,Glu
1085,RGS2,chr15,520539,+,435,85.1,Eth
1086,RGS2,chr15,520539,+,435,24.6,Glu
1087,RGS2,chr15,520669,+,305,207.9,Eth
1088,RGS2,chr15,520669,+,305,65.4,Glu
1089,RGS2,chr15,521240,+,266,42.0,Eth
1090,RGS2,chr15,521240,+,266,58.0,Glu
1091,DPI34,chr15,537177,+,117,27.0,Glu
1092,BAG7,chr15,578326,+,3,27.0,Glu
1093,IDH2,chr15,579809,+,213,61.0,Eth
1094,IDH2,chr15,579809,+,213,38.0,Glu
1095,PDR5,chr15,613717,+,313,164.0,Eth
1096,PDR5,chr15,613717,+,313,103.0,Glu
1097,ATG40,chr15,613717,-,907,164.0,Eth
1098,ATG40,chr15,613717,-,907,103.0,Glu
1099,PNS1,chr15,633334,-,293,31.8,Eth
1100,PNS1,chr15,633534,-,493,34.2,Eth
1101,DDP1,chr15,636952,+,113,42.5,Eth
1102,DDP1,chr15,636952,+,113,35.5,Glu
1103,YRR1,chr15,636952,-,411,42.5,Eth
1104,YRR1,chr15,636952,-,411,35.5,Glu
1105,HEM15,chr15,656445,+,249,43.0,Eth
1106,HEM15,chr15,656445,+,249,36.0,Glu
1107,ALE1,chr15,656445,-,332,43.0,Eth
1108,ALE1,chr15,656445,-,332,36.0,Glu
1109,GSP2,chr15,676610,-,104,40.2,Eth
1110,GSP2,chr15,676610,-,104,33.1,Glu
1111,STE4,chr15,736990,+,148,81.0,Eth
1112,STE4,chr15,736990,+,148,48.0,Glu
1113,MGM1,chr15,736990,-,878,81.0,Eth
1114,MGM1,chr15,736990,-,878,48.0,Glu
1115,WTM1,chr15,764583,+,497,298.9,Eth
1116,WTM1,chr15,764583,+,497,185.0,Glu
1117,IRC13,chr15,773912,+,526,304.6,Eth
1118,IRC13,chr15,773912,+,526,195.4,Glu
1119,RPL33B,chr15,773912,-,144,304.6,Eth
1120,RPL33B,chr15,773912,-,144,195.4,Glu
1121,IRC13,chr15,773991,+,447,116.4,Eth
1122,IRC13,chr15,773991,+,447,61.6,Glu
1123,RPL33B,chr15,773991,-,223,116.4,Eth
1124,RPL33B,chr15,773991,-,223,61.6,Glu
1125,DGA1,chr15,790534,-,840,54.0,Eth
1126,ENV9,chr15,790534,-,650,54.0,Eth
1127,SEC63,chr15,801720,-,346,30.0,Eth
1128,SEC63,chr15,801720,-,346,29.0,Glu
1129,PAC1,chr15,819959,+,678,32.8,Eth
1130,HRK1,chr15,819959,-,350,32.8,Eth
1131,PAC1,chr15,820120,+,517,62.2,Eth
1132,PAC1,chr15,820120,+,517,31.1,Glu
1133,HRK1,chr15,820120,-,511,62.2,Eth
1134,HRK1,chr15,820120,-,511,31.1,Glu
1135,YTM1,chr15,826671,+,423,28.1,Eth
1136,YTM1,chr15,826671,+,423,22.0,Glu
1137,FSF1,chr15,826671,-,241,28.1,Eth
1138,FSF1,chr15,826671,-,241,22.0,Glu
1139,MOD5,chr15,831333,+,669,87.0,Eth
1140,MOD5,chr15,831333,+,669,55.0,Glu
1141,TPO4,chr15,831333,-,44,87.0,Eth
1142,TPO4,chr15,831333,-,44,55.0,Glu
1143,YOR289W,chr15,847586,+,107,27.4,Glu
1144,MPD1,chr15,847586,-,140,27.4,Glu
1145,YOR289W,chr15,848584,+,891,25.6,Eth
1146,BUD7,chr15,872181,+,504,27.4,Eth
1147,MBF1,chr15,872181,-,106,27.4,Eth
1148,BUD7,chr15,872519,+,166,31.6,Eth
1149,MBF1,chr15,872519,-,444,31.6,Eth
1150,CPA1,chr15,876425,+,563,44.6,Eth
1151,CPA1,chr15,876425,+,563,26.4,Glu
1152,CPA1,chr15,876548,+,440,106.0,Eth
1153,CPA1,chr15,876548,+,440,29.5,Glu
1154,CPA1,chr15,876718,+,270,38.4,Eth
1155,CPA1,chr15,876718,+,270,32.1,Glu
1156,SFG1,chr15,898429,+,589,81.0,Eth
1157,SFG1,chr15,898429,+,589,41.0,Glu
1158,SPS4,chr15,898429,-,761,81.0,Eth
1159,SPS4,chr15,898429,-,761,41.0,Glu
1160,COT1,chr15,902236,-,264,92.4,Eth
1161,COT1,chr15,902357,-,385,89.6,Eth
1162,COT1,chr15,902357,-,385,55.3,Glu
1163,FAA1,chr15,903226,+,386,372.7,Eth
1164,FAA1,chr15,903226,+,386,267.3,Glu
1165,FAA1,chr15,903247,+,365,344.3,Eth
1166,FAA1,chr15,903247,+,365,244.7,Glu
1167,HSH49,chr15,906373,+,743,155.2,Eth
1168,HSH49,chr15,906373,+,743,60.1,Glu
1169,HSH49,chr15,906728,+,388,78.8,Eth
1170,HSH49,chr15,906728,+,388,68.9,Glu
1171,PDR10,chr15,925673,+,603,41.0,Eth
1172,PDR10,chr15,925673,+,603,32.0,Glu
1173,SNC2,chr15,925673,-,212,41.0,Eth
1174,SNC2,chr15,925673,-,212,32.0,Glu
1175,YOR338W,chr15,950944,+,178,21.0,Glu
1176,YOR342C,chr15,962404,-,390,99.8,Eth
1177,YOR342C,chr15,962404,-,390,55.0,Glu
1178,YOR342C,chr15,962541,-,527,42.2,Eth
1179,YOR342C,chr15,962541,-,527,49.0,Glu
1180,TYE7,chr15,972831,-,363,183.5,Eth
1181,TYE7,chr15,972831,-,363,95.1,Glu
1182,TYE7,chr15,973156,-,688,120.5,Eth
1183,TYE7,chr15,973156,-,688,75.9,Glu
1184,PUT4,chr15,982576,-,488,188.5,Eth
1185,PUT4,chr15,982576,-,488,71.2,Glu
1186,PUT4,chr15,982703,-,361,128.5,Eth
1187,PUT4,chr15,982703,-,361,122.8,Glu
1188,PUT4,chr15,983650,-,586,220.0,Eth
1189,PUT4,chr15,983650,-,586,75.0,Glu
1190,GDS1,chr15,998700,+,444,52.0,Eth
1191,GDS1,chr15,998700,+,444,44.0,Glu
1192,ALD4,chr15,1033522,+,515,49.4,Eth
1193,ALD4,chr15,1033522,+,515,40.9,Glu
1194,ALD4,chr15,1033761,+,276,95.3,Eth
1195,ALD4,chr15,1033761,+,276,56.5,Glu
1196,ALD4,chr15,1033916,+,121,117.3,Eth
1197,ALD4,chr15,1033916,+,121,89.6,Glu
1198,GDH1,chr15,1037680,-,325,199.4,Eth
1199,GDH1,chr15,1037680,-,325,106.4,Glu
1200,GDH1,chr15,1037952,-,597,117.6,Eth
1201,GDH1,chr15,1037952,-,597,33.6,Glu
1202,YOR385W,chr15,1059845,+,595,42.0,Eth
1203,YOR385W,chr15,1059845,+,595,40.0,Glu
1204,IMD2,chr16,8440,-,150,30.0,Eth
1205,SAM3,chr16,31265,+,351,71.3,Eth
1206,SAM3,chr16,31265,+,351,23.8,Glu
1207,ATP15,chr16,39495,+,693,75.9,Eth
1208,ATP15,chr16,39495,+,693,61.4,Glu
1209,MDL2,chr16,39495,+,276,75.9,Eth
1210,MDL2,chr16,39495,+,276,61.4,Glu
1211,BBP1,chr16,75887,+,539,63.0,Eth
1212,BBP1,chr16,75887,+,539,22.0,Glu
1213,CLN2,chr16,75887,-,358,63.0,Eth
1214,CLN2,chr16,75887,-,358,22.0,Glu
1215,HFI1,chr16,78128,+,133,44.0,Eth
1216,HFI1,chr16,78128,+,133,29.0,Glu
1217,ATG41,chr16,83763,-,237,162.2,Eth
1218,ATG41,chr16,83763,-,237,114.1,Glu
1219,ATG41,chr16,83921,-,395,257.8,Eth
1220,ATG41,chr16,83921,-,395,79.9,Glu
1221,ATG41,chr16,84196,-,670,282.2,Eth
1222,ATG41,chr16,84196,-,670,117.2,Glu
1223,RPL36B,chr16,84196,-,810,282.2,Eth
1224,RPL36B,chr16,84196,-,810,117.2,Glu
1225,ATG41,chr16,84286,-,760,247.2,Eth
1226,ATG41,chr16,84286,-,760,151.2,Glu
1227,RPL36B,chr16,84286,-,720,247.2,Eth
1228,RPL36B,chr16,84286,-,720,151.2,Glu
1229,RPL36B,chr16,85191,-,185,76.0,Eth
1230,RPL36B,chr16,85191,-,185,57.0,Glu
1231,NSL1,chr16,115727,+,887,111.0,Eth
1232,NSL1,chr16,115727,+,887,69.0,Glu
1233,SSO1,chr16,115727,+,118,111.0,Eth
1234,SSO1,chr16,115727,+,118,69.0,Glu
1235,FAS2,chr16,117151,+,197,733.6,Eth
1236,FAS2,chr16,117151,+,197,649.6,Glu
1237,FAS2,chr16,117303,+,45,56.4,Eth
1238,FAS2,chr16,117303,+,45,62.4,Glu
1239,FMP40,chr16,138380,+,483,39.2,Glu
1240,GRE1,chr16,138380,-,460,39.2,Glu
1241,FMP40,chr16,138669,+,194,26.4,Eth
1242,FMP40,chr16,138669,+,194,40.8,Glu
1243,GRE1,chr16,138669,-,749,26.4,Eth
1244,GRE1,chr16,138669,-,749,40.8,Glu
1245,FLC1,chr16,141809,+,264,53.0,Eth
1246,FLC1,chr16,141809,+,264,29.0,Glu
1247,NAB3,chr16,197238,-,673,30.9,Eth
1248,MF(ALPHA)1,chr16,201857,+,183,29.0,Glu
1249,CUP9,chr16,223261,-,648,320.0,Eth
1250,CUP9,chr16,223261,-,648,143.0,Glu
1251,SPT14,chr16,226885,+,203,28.0,Glu
1252,TRE1,chr16,226885,-,14,28.0,Glu
1253,DAP1,chr16,236434,+,336,189.8,Eth
1254,DAP1,chr16,236434,+,336,115.2,Glu
1255,OYE3,chr16,236434,-,523,189.8,Eth
1256,OYE3,chr16,236434,-,523,115.2,Glu
1257,YPL162C,chr16,252719,-,128,68.0,Eth
1258,YPL162C,chr16,252719,-,128,51.0,Glu
1259,CDC60,chr16,255838,+,406,23.7,Glu
1260,PRM4,chr16,265652,-,316,68.0,Eth
1261,PRM4,chr16,265652,-,316,31.0,Glu
1262,KIP2,chr16,267926,-,40,69.8,Eth
1263,KIP2,chr16,267926,-,40,42.8,Glu
1264,FRK1,chr16,295484,-,859,80.0,Eth
1265,FRK1,chr16,295484,-,859,43.0,Glu
1266,ISU1,chr16,305350,+,457,97.9,Eth
1267,ISU1,chr16,305350,+,457,53.9,Glu
1268,GIP3,chr16,305350,-,323,97.9,Eth
1269,GIP3,chr16,305350,-,323,53.9,Glu
1270,RPL5,chr16,311118,+,607,27.0,Eth
1271,RPL5,chr16,311118,+,607,22.0,Glu
1272,SSU1,chr16,381561,+,406,106.1,Eth
1273,SSU1,chr16,381561,+,406,60.3,Glu
1274,RPS6A,chr16,387053,-,267,118.0,Eth
1275,RPS6A,chr16,387053,-,267,80.0,Glu
1276,YDC1,chr16,391475,+,142,25.0,Glu
1277,RPS9A,chr16,412636,+,424,105.0,Eth
1278,RPS9A,chr16,412636,+,424,68.0,Glu
1279,MOT1,chr16,412636,-,250,105.0,Eth
1280,MOT1,chr16,412636,-,250,68.0,Glu
1281,RGL1,chr16,433494,+,698,96.8,Eth
1282,RGL1,chr16,433494,+,698,57.4,Glu
1283,YPL068C,chr16,433494,-,181,96.8,Eth
1284,YPL068C,chr16,433494,-,181,57.4,Glu
1285,HTC1,chr16,433494,-,555,96.8,Eth
1286,HTC1,chr16,433494,-,555,57.4,Glu
1287,RGL1,chr16,433605,+,587,241.6,Eth
1288,RGL1,chr16,433605,+,587,60.4,Glu
1289,YPL068C,chr16,433605,-,292,241.6,Eth
1290,YPL068C,chr16,433605,-,292,60.4,Glu
1291,HTC1,chr16,433605,-,444,241.6,Eth
1292,HTC1,chr16,433605,-,444,60.4,Glu
1293,RGL1,chr16,433844,+,348,21.2,Glu
1294,YPL068C,chr16,433844,-,531,21.2,Glu
1295,HTC1,chr16,433844,-,205,21.2,Glu
1296,ALD6,chr16,440211,+,478,295.0,Eth
1297,ALD6,chr16,440211,+,478,150.0,Glu
1298,SUR1,chr16,461840,-,529,201.0,Eth
1299,SUR1,chr16,461840,-,529,113.0,Glu
1300,LGE1,chr16,462315,-,831,33.0,Glu
1301,OAZ1,chr16,466733,+,155,21.5,Glu
1302,KTR6,chr16,466733,-,51,21.5,Glu
1303,CAM1,chr16,472192,+,317,35.0,Eth
1304,CAM1,chr16,472192,+,317,41.0,Glu
1305,DIG1,chr16,472192,-,215,35.0,Eth
1306,DIG1,chr16,472192,-,215,41.0,Glu
1307,SSN3,chr16,483230,-,79,21.7,Glu
1308,MRX11,chr16,483230,-,707,21.7,Glu
1309,PMA2,chr16,490361,+,571,190.0,Eth
1310,PMA2,chr16,490361,+,571,153.0,Glu
1311,EGD1,chr16,490361,-,206,190.0,Eth
1312,EGD1,chr16,490361,-,206,153.0,Glu
1313,RMI1,chr16,511051,+,581,179.3,Eth
1314,RMI1,chr16,511051,+,581,71.2,Glu
1315,SKS1,chr16,511051,-,611,179.3,Eth
1316,SKS1,chr16,511051,-,611,71.2,Glu
1317,RMI1,chr16,511291,+,341,80.7,Eth
1318,RMI1,chr16,511291,+,341,47.8,Glu
1319,SKS1,chr16,511291,-,851,80.7,Eth
1320,SKS1,chr16,511291,-,851,47.8,Glu
1321,CTF19,chr16,525471,+,319,51.0,Eth
1322,CTF19,chr16,525471,+,319,34.0,Glu
1323,VTC3,chr16,525471,-,163,51.0,Eth
1324,VTC3,chr16,525471,-,163,34.0,Glu
1325,IRC15,chr16,528483,-,104,129.0,Eth
1326,IRC15,chr16,528483,-,104,69.0,Glu
1327,CIP1,chr16,535178,+,538,34.9,Eth
1328,CIP1,chr16,535178,+,538,35.8,Glu
1329,HST2,chr16,535178,-,41,34.9,Eth
1330,HST2,chr16,535178,-,41,35.8,Glu
1331,CIP1,chr16,535383,+,333,49.1,Eth
1332,CIP1,chr16,535383,+,333,26.2,Glu
1333,HST2,chr16,535383,-,246,49.1,Eth
1334,HST2,chr16,535383,-,246,26.2,Glu
1335,CHL1,chr16,547470,+,145,86.0,Eth
1336,CHL1,chr16,547470,+,145,113.0,Glu
1337,RQC2,chr16,547470,-,325,86.0,Eth
1338,RQC2,chr16,547470,-,325,113.0,Glu
1339,PDH1,chr16,566393,+,165,101.0,Eth
1340,PDH1,chr16,566393,+,165,67.0,Glu
1341,HAL1,chr16,575201,-,325,43.0,Eth
1342,HAL1,chr16,575201,-,325,36.0,Glu
1343,ICL2,chr16,577496,-,250,34.0,Eth
1344,HAA1,chr16,580624,+,268,61.0,Eth
1345,HAA1,chr16,580624,+,268,54.0,Glu
1346,MIN8,chr16,591052,-,105,57.0,Eth
1347,MIN8,chr16,591052,-,105,31.9,Glu
1348,CMR3,chr16,594334,-,442,53.0,Eth
1349,CMR3,chr16,594334,-,442,30.5,Glu
1350,CMR3,chr16,594500,-,608,211.7,Eth
1351,CMR3,chr16,594500,-,608,139.4,Glu
1352,CMR3,chr16,594623,-,731,91.2,Eth
1353,CMR3,chr16,594623,-,731,83.1,Glu
1354,YME1,chr16,618434,+,32,64.0,Eth
1355,YME1,chr16,618434,+,32,32.0,Glu
1356,EAF3,chr16,618434,-,194,64.0,Eth
1357,EAF3,chr16,618434,-,194,32.0,Glu
1358,YME1,chr16,618946,+,480,33.0,Eth
1359,EAF3,chr16,618946,-,706,33.0,Eth
1360,YOP1,chr16,631046,+,601,154.0,Eth
1361,YOP1,chr16,631046,+,601,148.0,Glu
1362,CSR2,chr16,635884,+,131,98.0,Eth
1363,CSR2,chr16,635884,+,131,37.0,Glu
1364,APL4,chr16,635884,-,723,98.0,Eth
1365,APL4,chr16,635884,-,723,37.0,Glu
1366,GLN1,chr16,649512,+,736,184.6,Eth
1367,GLN1,chr16,649512,+,736,57.9,Glu
1368,GLN1,chr16,649530,+,718,609.4,Eth
1369,GLN1,chr16,649530,+,718,376.1,Glu
1370,VMA13,chr16,651791,+,146,66.9,Eth
1371,VMA13,chr16,651791,+,146,39.0,Glu
1372,SPO24,chr16,653597,+,435,192.2,Eth
1373,SPO24,chr16,653597,+,435,109.1,Glu
1374,SPO24,chr16,653818,+,214,101.8,Eth
1375,SPO24,chr16,653818,+,214,55.9,Glu
1376,ROX1,chr16,687103,+,679,166.0,Eth
1377,ROX1,chr16,687103,+,679,61.0,Glu
1378,YPR063C,chr16,687103,-,611,166.0,Eth
1379,YPR063C,chr16,687103,-,611,61.0,Glu
1380,NOT5,chr16,698013,+,127,24.0,Glu
1381,LTP1,chr16,700708,-,88,62.6,Eth
1382,LTP1,chr16,700708,-,88,50.7,Glu
1383,MRPL51,chr16,738030,+,141,25.0,Glu
1384,SNT309,chr16,738030,+,551,25.0,Glu
1385,TMH18,chr16,738030,-,367,25.0,Glu
1386,DBF20,chr16,755515,+,123,28.9,Eth
1387,RPC40,chr16,755515,-,544,28.9,Eth
1388,RGC1,chr16,762676,+,119,56.5,Eth
1389,RGC1,chr16,762676,+,119,48.0,Glu
1390,AXL1,chr16,789304,+,814,22.0,Glu
1391,CTR1,chr16,793899,+,254,115.0,Eth
1392,CTR1,chr16,793899,+,254,63.0,Glu
1393,NCE102,chr16,837355,+,516,109.0,Eth
1394,NCE102,chr16,837355,+,516,72.0,Glu
1395,SUE1,chr16,840252,-,364,74.0,Eth
1396,SUE1,chr16,840252,-,364,48.0,Glu
1397,TPO3,chr16,848504,-,316,43.2,Eth
1398,TPO3,chr16,848504,-,316,27.9,Glu
1399,CUR1,chr16,851555,+,259,55.0,Eth
1400,CUR1,chr16,851555,+,259,54.0,Glu
1401,SMX3,chr16,902894,+,711,55.0,Eth
1402,SMX3,chr16,902894,+,711,52.0,Glu
1403,DPM1,chr16,902894,+,125,55.0,Eth
1404,DPM1,chr16,902894,+,125,52.0,Glu
1405,AQY1,chr16,922978,+,855,83.5,Eth
1406,AQY1,chr16,922978,+,855,59.3,Glu
1407,AQY1,chr16,923314,+,519,102.5,Eth
1408,AQY1,chr16,923314,+,519,57.7,Glu
1409,SRO77,chr2,14373,-,128,76.0,Eth
1410,SRO77,chr2,14373,-,128,75.0,Glu
1411,SFT2,chr2,24871,+,547,27.0,Eth
1412,SFT2,chr2,24871,+,547,22.0,Glu
1413,RTG3,chr2,24871,-,755,27.0,Eth
1414,RTG3,chr2,24871,-,755,22.0,Glu
1415,RPL32,chr2,45577,+,291,40.0,Eth
1416,RPL32,chr2,45577,+,291,37.0,Glu
1417,ROX3,chr2,45577,-,283,40.0,Eth
1418,ROX3,chr2,45577,-,283,37.0,Glu
1419,AAR2,chr2,88690,-,345,34.0,Eth
1420,AAR2,chr2,88690,-,345,24.0,Glu
1421,KTI11,chr2,89955,+,269,47.9,Eth
1422,KTI11,chr2,89955,+,269,32.8,Glu
1423,AST1,chr2,89955,+,991,47.9,Eth
1424,AST1,chr2,89955,+,991,32.8,Glu
1425,RPS8A,chr2,89955,-,173,47.9,Eth
1426,RPS8A,chr2,89955,-,173,32.8,Glu
1427,KIP1,chr2,102048,+,102,33.8,Eth
1428,PRX1,chr2,102048,-,581,33.8,Eth
1429,TOD6,chr2,116871,+,872,51.5,Eth
1430,TOD6,chr2,116871,+,872,34.2,Glu
1431,YBL055C,chr2,116871,-,227,51.5,Eth
1432,YBL055C,chr2,116871,-,227,34.2,Glu
1433,TOD6,chr2,117103,+,640,34.5,Eth
1434,YBL055C,chr2,117103,-,5,34.5,Eth
1435,ECM13,chr2,136531,+,304,172.0,Eth
1436,ECM13,chr2,136531,+,304,70.0,Glu
1437,COR1,chr2,136531,-,545,172.0,Eth
1438,COR1,chr2,136531,-,545,70.0,Glu
1439,PRE7,chr2,140957,+,515,101.8,Eth
1440,PRE7,chr2,140957,+,515,56.9,Glu
1441,FUI1,chr2,140957,-,381,101.8,Eth
1442,FUI1,chr2,140957,-,381,56.9,Glu
1443,PET9,chr2,164533,-,156,53.0,Eth
1444,PET9,chr2,164533,-,156,37.0,Glu
1445,YBL029C-A,chr2,164533,-,576,53.0,Eth
1446,YBL029C-A,chr2,164533,-,576,37.0,Glu
1447,YBL029W,chr2,165549,+,780,192.0,Eth
1448,YBL029W,chr2,165549,+,780,93.0,Glu
1449,YBL029C-A,chr2,165549,-,440,192.0,Eth
1450,YBL029C-A,chr2,165549,-,440,93.0,Glu
1451,RPL19B,chr2,167975,+,649,26.0,Eth
1452,RPL19B,chr2,167975,+,649,28.0,Glu
1453,YBL028C,chr2,167975,-,136,26.0,Eth
1454,YBL028C,chr2,167975,-,136,28.0,Glu
1455,RPL19B,chr2,168495,+,129,31.0,Eth
1456,YBL028C,chr2,168495,-,384,31.0,Eth
1457,ACH1,chr2,193988,+,268,121.3,Eth
1458,ACH1,chr2,193988,+,268,57.4,Glu
1459,PDR3,chr2,217394,+,877,29.0,Eth
1460,SLA1,chr2,217394,-,90,29.0,Eth
1461,LDB7,chr2,217394,-,649,29.0,Eth
1462,PDR3,chr2,218398,+,127,26.0,Eth
1463,LDB7,chr2,218398,-,355,26.0,Eth
1464,HTB2,chr2,231833,+,272,50.9,Eth
1465,HTB2,chr2,231833,+,272,34.3,Glu
1466,HTA2,chr2,231833,-,377,50.9,Eth
1467,HTA2,chr2,231833,-,377,34.3,Glu
1468,UGA2,chr2,243297,+,780,41.9,Eth
1469,UGA2,chr2,243297,+,780,59.3,Glu
1470,YBR016W,chr2,259458,+,472,37.0,Eth
1471,YBR016W,chr2,259458,+,472,26.0,Glu
1472,MNN2,chr2,259458,-,143,37.0,Eth
1473,MNN2,chr2,259458,-,143,26.0,Glu
1474,CHS3,chr2,278005,-,239,37.0,Eth
1475,RKM3,chr2,287401,+,506,58.7,Eth
1476,RKM3,chr2,287401,+,506,65.7,Glu
1477,CDS1,chr2,287401,-,60,58.7,Eth
1478,CDS1,chr2,287401,-,60,65.7,Glu
1479,RKM3,chr2,287581,+,326,597.3,Eth
1480,RKM3,chr2,287581,+,326,507.3,Glu
1481,CDS1,chr2,287581,-,120,597.3,Eth
1482,CDS1,chr2,287581,-,120,507.3,Glu
1483,REB1,chr2,326706,-,103,107.9,Eth
1484,REB1,chr2,326706,-,103,69.7,Glu
1485,REG2,chr2,328193,-,302,177.2,Eth
1486,REG2,chr2,328193,-,302,129.6,Glu
1487,RFS1,chr2,328193,-,866,177.2,Eth
1488,RFS1,chr2,328193,-,866,129.6,Glu
1489,YRO2,chr2,331492,+,941,86.7,Eth
1490,YRO2,chr2,331492,+,941,31.2,Glu
1491,YRO2,chr2,331543,+,890,97.3,Eth
1492,YRO2,chr2,331543,+,890,72.8,Glu
1493,NRG2,chr2,360977,-,588,177.2,Eth
1494,NRG2,chr2,360977,-,588,143.4,Glu
1495,NRG2,chr2,361194,-,805,56.8,Eth
1496,NRG2,chr2,361194,-,805,59.6,Glu
1497,TIP1,chr2,362968,-,548,365.3,Eth
1498,TIP1,chr2,362968,-,548,201.8,Glu
1499,TIP1,chr2,363242,-,822,83.7,Eth
1500,TIP1,chr2,363242,-,822,47.2,Glu
1501,BAP2,chr2,365669,-,283,85.0,Eth
1502,BAP2,chr2,365669,-,283,58.0,Glu
1503,ECM33,chr2,382256,+,313,224.0,Eth
1504,ECM33,chr2,382256,+,313,106.0,Glu
1505,SLM4,chr2,382256,-,300,224.0,Eth
1506,SLM4,chr2,382256,-,300,106.0,Glu
1507,SPT7,chr2,395617,-,598,30.4,Eth
1508,TEC1,chr2,398129,+,615,465.3,Eth
1509,TEC1,chr2,398129,+,615,166.2,Glu
1510,TEC1,chr2,398490,+,254,190.7,Eth
1511,TEC1,chr2,398490,+,254,61.8,Glu
1512,AAC3,chr2,405089,+,441,61.0,Eth
1513,AAC3,chr2,405089,+,441,37.0,Glu
1514,RPL19A,chr2,405089,-,152,61.0,Eth
1515,RPL19A,chr2,405089,-,152,37.0,Glu
1516,YBR085C-A,chr2,409250,-,435,387.0,Eth
1517,YBR085C-A,chr2,409250,-,435,483.0,Glu
1518,NHP6B,chr2,416661,-,140,49.0,Eth
1519,TIM12,chr2,416661,-,486,49.0,Eth
1520,RAD16,chr2,454151,+,775,155.6,Eth
1521,RAD16,chr2,454151,+,775,78.0,Glu
1522,CYC8,chr2,454151,-,413,155.6,Eth
1523,CYC8,chr2,454151,-,413,78.0,Glu
1524,TEF2,chr2,464599,+,816,32.0,Eth
1525,TEF2,chr2,464599,+,816,29.0,Glu
1526,TKL2,chr2,464599,-,355,32.0,Eth
1527,TKL2,chr2,464599,-,355,29.0,Glu
1528,MEO1,chr2,478458,+,135,36.4,Eth
1529,MEO1,chr2,478458,+,135,31.4,Glu
1530,TPS1,chr2,478458,-,193,36.4,Eth
1531,TPS1,chr2,478458,-,193,31.4,Glu
1532,ADH5,chr2,520570,+,906,36.0,Eth
1533,ADH5,chr2,520570,+,906,25.0,Glu
1534,SUP45,chr2,520570,-,597,36.0,Eth
1535,SUP45,chr2,520570,-,597,25.0,Glu
1536,ADH5,chr2,521307,+,169,44.0,Eth
1537,ADH5,chr2,521307,+,169,35.0,Glu
1538,AMN1,chr2,543383,+,658,98.0,Eth
1539,AMN1,chr2,543383,+,658,42.0,Glu
1540,YSY6,chr2,552903,+,41,39.0,Eth
1541,YSY6,chr2,552903,+,41,28.0,Glu
1542,EXO5,chr2,552903,+,448,39.0,Eth
1543,EXO5,chr2,552903,+,448,28.0,Glu
1544,TOS1,chr2,552903,-,467,39.0,Eth
1545,TOS1,chr2,552903,-,467,28.0,Glu
1546,EHT1,chr2,574044,-,119,188.0,Eth
1547,EHT1,chr2,574044,-,119,271.0,Glu
1548,RPS6B,chr2,580697,-,154,56.0,Eth
1549,RPS6B,chr2,580697,-,154,35.0,Glu
1550,YPC1,chr2,583449,+,341,34.0,Eth
1551,YPC1,chr2,583449,+,341,22.0,Glu
1552,RPL21A,chr2,593729,+,204,69.3,Eth
1553,RPL21A,chr2,593729,+,204,32.6,Glu
1554,PGI1,chr2,602025,-,353,43.3,Eth
1555,PGI1,chr2,602025,-,353,34.4,Glu
1556,COS111,chr2,616366,+,337,135.6,Eth
1557,COS111,chr2,616366,+,337,92.5,Glu
1558,COS111,chr2,616582,+,121,58.4,Eth
1559,COS111,chr2,616582,+,121,36.5,Glu
1560,PYC2,chr2,656264,-,301,119.0,Eth
1561,PYC2,chr2,656264,-,301,85.0,Glu
1562,PDB1,chr2,660113,-,84,35.0,Eth
1563,PDB1,chr2,660113,-,84,33.0,Glu
1564,PCS60,chr2,662316,-,352,46.2,Eth
1565,PCS60,chr2,662316,-,352,27.7,Glu
1566,COQ21,chr2,673934,+,28,131.0,Eth
1567,COQ21,chr2,673934,+,28,49.0,Glu
1568,OM14,chr2,673934,-,276,131.0,Eth
1569,OM14,chr2,673934,-,276,49.0,Glu
1570,YBR238C,chr2,691241,-,276,58.0,Eth
1571,YBR238C,chr2,691241,-,276,29.8,Glu
1572,THI2,chr2,695912,-,172,58.0,Eth
1573,THI2,chr2,695912,-,172,43.0,Glu
1574,RGD1,chr2,728276,-,54,31.0,Eth
1575,RGD1,chr2,728276,-,54,27.0,Glu
1576,TAE1,chr2,728276,-,850,31.0,Eth
1577,TAE1,chr2,728276,-,850,27.0,Glu
1578,VBA2,chr2,780119,+,538,37.0,Eth
1579,VBA2,chr2,780119,+,538,23.0,Glu
1580,PHO89,chr2,792417,-,265,50.5,Eth
1581,PHO89,chr2,792417,-,265,24.5,Glu
1582,PHO89,chr2,792599,-,447,71.5,Eth
1583,PHO89,chr2,792599,-,447,25.5,Glu
1584,MAL33,chr2,793907,+,130,63.0,Eth
1585,MAL33,chr2,793907,+,130,36.0,Glu
1586,HIS4,chr3,68208,-,239,45.8,Eth
1587,HIS4,chr3,68208,-,239,32.7,Glu
1588,HIS4,chr3,68335,-,366,50.2,Eth
1589,HIS4,chr3,68335,-,366,25.3,Glu
1590,GBP2,chr3,108689,-,138,30.4,Eth
1591,SGF29,chr3,108689,-,830,30.4,Eth
1592,PGS1,chr3,114131,+,45,65.6,Eth
1593,RER1,chr3,116827,+,212,20.0,Glu
1594,YCL002C,chr3,116827,-,34,20.0,Glu
1595,CIT2,chr3,127873,-,336,110.4,Eth
1596,CIT2,chr3,127873,-,336,39.1,Glu
1597,YCR006C,chr3,127873,-,265,110.4,Eth
1598,YCR006C,chr3,127873,-,265,39.1,Glu
1599,CIT2,chr3,128279,-,742,144.6,Eth
1600,CIT2,chr3,128279,-,742,52.9,Glu
1601,YCR006C,chr3,128279,-,141,144.6,Eth
1602,YCR006C,chr3,128279,-,141,52.9,Glu
1603,SAT4,chr3,133002,+,135,36.0,Eth
1604,SAT4,chr3,133002,+,135,30.0,Glu
1605,ADY2,chr3,138703,-,318,204.0,Eth
1606,ADY2,chr3,138703,-,318,76.0,Glu
1607,PGK1,chr3,142558,+,297,88.6,Eth
1608,PGK1,chr3,142558,+,297,57.3,Glu
1609,ADP1,chr3,142558,-,408,88.6,Eth
1610,ADP1,chr3,142558,-,408,57.3,Glu
1611,PMP1,chr3,171702,-,476,95.0,Eth
1612,PMP1,chr3,171702,-,476,48.0,Glu
1613,PMP1,chr3,172053,-,827,24.0,Eth
1614,BPH1,chr3,191681,+,964,39.9,Eth
1615,BPH1,chr3,191681,+,964,24.2,Glu
1616,RPS14A,chr3,191681,-,189,39.9,Eth
1617,RPS14A,chr3,191681,-,189,24.2,Glu
1618,ELO2,chr3,203674,+,143,35.0,Eth
1619,ELO2,chr3,203674,+,143,32.0,Glu
1620,YCR043C,chr3,219931,-,113,26.5,Eth
1621,TAH1,chr3,236577,+,962,63.7,Eth
1622,TAH1,chr3,236577,+,962,47.3,Glu
1623,PWP2,chr3,236577,-,127,63.7,Eth
1624,PWP2,chr3,236577,-,127,47.3,Glu
1625,YIH1,chr3,236577,-,831,63.7,Eth
1626,YIH1,chr3,236577,-,831,47.3,Glu
1627,TAH1,chr3,237568,+,29,23.0,Glu
1628,YIH1,chr3,237568,-,160,23.0,Glu
1629,YCR061W,chr3,239698,+,986,275.6,Eth
1630,YCR061W,chr3,239698,+,986,57.4,Glu
1631,BUD31,chr3,241307,+,156,32.5,Glu
1632,CPR4,chr3,251610,+,544,23.0,Eth
1633,YCR101C,chr3,317812,-,752,51.0,Eth
1634,YCR101C,chr3,317812,-,752,42.0,Glu
1635,MPH2,chr4,5683,+,104,34.0,Eth
1636,MPH2,chr4,5683,+,104,34.0,Glu
1637,GDH2,chr4,74086,-,245,34.2,Eth
1638,RPL35A,chr4,117338,+,139,30.0,Eth
1639,INH1,chr4,134751,+,186,48.0,Eth
1640,INH1,chr4,134751,+,186,51.0,Glu
1641,YDL180W,chr4,134751,+,863,48.0,Eth
1642,YDL180W,chr4,134751,+,863,51.0,Glu
1643,PAR32,chr4,147675,+,312,52.9,Eth
1644,PAR32,chr4,147675,+,312,23.0,Glu
1645,DLD1,chr4,147675,-,222,52.9,Eth
1646,DLD1,chr4,147675,-,222,23.0,Glu
1647,PAR32,chr4,147974,+,13,27.1,Eth
1648,DLD1,chr4,147974,-,521,27.1,Eth
1649,BPL1,chr4,202330,+,184,37.0,Eth
1650,CRD1,chr4,202330,-,19,37.0,Eth
1651,RGT2,chr4,212668,+,214,38.9,Eth
1652,RGT2,chr4,212668,+,214,26.1,Glu
1653,SCM3,chr4,212668,-,880,38.9,Eth
1654,SCM3,chr4,212668,-,880,26.1,Glu
1655,RPL35B,chr4,217093,+,181,28.3,Eth
1656,RPL35B,chr4,217093,+,181,24.8,Glu
1657,RPL35B,chr4,217165,+,109,99.7,Eth
1658,RPL35B,chr4,217165,+,109,50.2,Glu
1659,LYS21,chr4,226705,+,355,33.9,Eth
1660,LYS21,chr4,226705,+,355,41.5,Glu
1661,LYS21,chr4,226927,+,133,39.1,Eth
1662,CDC48,chr4,238512,-,101,89.6,Eth
1663,CDC48,chr4,238512,-,101,45.3,Glu
1664,HNT1,chr4,238512,-,777,89.6,Eth
1665,HNT1,chr4,238512,-,777,45.3,Glu
1666,YDL124W,chr4,239641,+,276,226.0,Eth
1667,YDL124W,chr4,239641,+,276,145.0,Glu
1668,HNT1,chr4,239641,-,352,226.0,Eth
1669,HNT1,chr4,239641,-,352,145.0,Glu
1670,NSE4,chr4,271718,+,360,38.0,Eth
1671,NSE4,chr4,271718,+,360,25.2,Glu
1672,PHO2,chr4,271718,-,52,38.0,Eth
1673,PHO2,chr4,271718,-,52,25.2,Glu
1674,QRI7,chr4,274131,-,463,37.4,Eth
1675,QRI7,chr4,274131,-,463,23.0,Glu
1676,PMT5,chr4,290193,+,630,49.0,Eth
1677,PMT5,chr4,290193,+,630,38.0,Glu
1678,SRP14,chr4,292954,+,494,49.0,Eth
1679,SRP14,chr4,292954,+,494,40.0,Glu
1680,THI3,chr4,312449,-,89,116.8,Eth
1681,THI3,chr4,312449,-,89,81.4,Glu
1682,MRK1,chr4,314793,-,293,55.0,Eth
1683,MRK1,chr4,314793,-,293,48.0,Glu
1684,RPL31A,chr4,321787,+,112,72.0,Eth
1685,RPL31A,chr4,321787,+,112,28.0,Glu
1686,USO1,chr4,344720,+,607,31.0,Eth
1687,RAD59,chr4,344720,-,28,31.0,Eth
1688,PSA1,chr4,357026,-,420,65.0,Eth
1689,PSA1,chr4,357026,-,420,43.0,Glu
1690,KNH1,chr4,365893,-,268,141.5,Eth
1691,KNH1,chr4,365893,-,268,98.0,Glu
1692,KNH1,chr4,366223,-,598,312.5,Eth
1693,KNH1,chr4,366223,-,598,306.0,Glu
1694,KNH1,chr4,366467,-,842,37.0,Eth
1695,KNH1,chr4,366467,-,842,30.0,Glu
1696,SIT4,chr4,368656,+,592,235.9,Eth
1697,SIT4,chr4,368656,+,592,134.4,Glu
1698,STP4,chr4,368656,-,695,235.9,Eth
1699,STP4,chr4,368656,-,695,134.4,Glu
1700,SIT4,chr4,368766,+,482,48.1,Eth
1701,SIT4,chr4,368766,+,482,27.6,Glu
1702,STP4,chr4,368766,-,805,48.1,Eth
1703,STP4,chr4,368766,-,805,27.6,Glu
1704,SIT4,chr4,369121,+,127,58.0,Eth
1705,BSC1,chr4,385733,-,277,136.0,Eth
1706,BSC1,chr4,385733,-,277,109.0,Glu
1707,RTK1,chr4,407452,-,379,43.9,Eth
1708,RTK1,chr4,407452,-,379,29.5,Glu
1709,GPD1,chr4,410684,+,747,36.0,Eth
1710,GPD1,chr4,410684,+,747,22.0,Glu
1711,GPD1,chr4,411140,+,291,64.0,Eth
1712,GPD1,chr4,411140,+,291,40.0,Glu
1713,GRX6,chr4,431833,+,140,43.0,Eth
1714,GRX6,chr4,431833,+,140,31.9,Glu
1715,YDL012C,chr4,431833,-,628,43.0,Eth
1716,YDL012C,chr4,431833,-,628,31.9,Glu
1717,TRP1,chr4,461085,+,387,35.3,Eth
1718,TRP1,chr4,461085,+,387,30.7,Glu
1719,SOK1,chr4,461085,-,78,35.3,Eth
1720,SOK1,chr4,461085,-,78,30.7,Glu
1721,GAL3,chr4,462825,+,93,114.0,Eth
1722,GAL3,chr4,462825,+,93,40.0,Glu
1723,SNQ2,chr4,464887,+,357,83.7,Eth
1724,SNQ2,chr4,464887,+,357,26.8,Glu
1725,SNQ2,chr4,465050,+,194,30.3,Eth
1726,SNQ2,chr4,465050,+,194,25.2,Glu
1727,PST2,chr4,504582,-,170,42.0,Eth
1728,PST2,chr4,504582,-,170,25.0,Glu
1729,LYS14,chr4,512266,-,535,56.0,Eth
1730,LYS14,chr4,512266,-,535,35.0,Glu
1731,RSM10,chr4,525460,+,679,74.6,Eth
1732,RSM10,chr4,525460,+,679,37.0,Glu
1733,RSM10,chr4,525684,+,455,63.4,Eth
1734,RSM10,chr4,525684,+,455,51.0,Glu
1735,NRG1,chr4,530121,-,189,48.0,Eth
1736,NRG1,chr4,530121,-,189,28.0,Glu
1737,HEM13,chr4,532536,+,280,42.0,Eth
1738,HEM13,chr4,532536,+,280,40.0,Glu
1739,RPC11,chr4,535425,-,717,48.0,Eth
1740,RPC11,chr4,535425,-,717,25.0,Glu
1741,HEM12,chr4,537213,+,750,25.7,Eth
1742,BAP3,chr4,537213,-,313,25.7,Eth
1743,HEM12,chr4,537444,+,519,28.3,Eth
1744,HEM12,chr4,537444,+,519,21.0,Glu
1745,BAP3,chr4,537444,-,544,28.3,Eth
1746,BAP3,chr4,537444,-,544,21.0,Glu
1747,TPI1,chr4,543004,-,274,193.0,Eth
1748,TPI1,chr4,543004,-,274,120.0,Glu
1749,TGL2,chr4,555221,-,264,30.0,Eth
1750,UBC5,chr4,555221,-,788,30.0,Eth
1751,SNF11,chr4,578034,+,557,115.1,Eth
1752,SNF11,chr4,578034,+,557,115.0,Glu
1753,IPT1,chr4,578034,-,336,115.1,Eth
1754,IPT1,chr4,578034,-,336,115.0,Glu
1755,SNF11,chr4,578183,+,408,270.9,Eth
1756,SNF11,chr4,578183,+,408,154.0,Glu
1757,IPT1,chr4,578183,-,485,270.9,Eth
1758,IPT1,chr4,578183,-,485,154.0,Glu
1759,RAD55,chr4,584535,+,106,26.0,Eth
1760,SED1,chr4,586202,+,776,71.4,Eth
1761,SED1,chr4,586202,+,776,41.9,Glu
1762,SED1,chr4,586440,+,538,85.6,Eth
1763,SED1,chr4,586440,+,538,40.1,Glu
1764,GIS1,chr4,622132,+,799,135.0,Eth
1765,GIS1,chr4,622132,+,799,76.0,Glu
1766,ALT2,chr4,659830,-,634,28.0,Eth
1767,ALT2,chr4,659830,-,634,26.0,Glu
1768,COX26,chr4,670144,+,244,22.4,Glu
1769,YDR124W,chr4,679040,+,650,130.6,Eth
1770,YDR124W,chr4,679040,+,650,84.2,Glu
1771,INO2,chr4,679040,-,97,130.6,Eth
1772,INO2,chr4,679040,-,97,84.2,Glu
1773,ARO1,chr4,683681,+,147,31.0,Eth
1774,SAC6,chr4,694968,-,123,137.0,Eth
1775,SAC6,chr4,694968,-,123,115.0,Glu
1776,EKI1,chr4,730708,+,281,44.2,Eth
1777,EKI1,chr4,730708,+,281,26.7,Glu
1778,SWI5,chr4,730708,-,366,44.2,Eth
1779,SWI5,chr4,730708,-,366,26.7,Glu
1780,EKI1,chr4,730848,+,141,397.8,Eth
1781,EKI1,chr4,730848,+,141,298.3,Glu
1782,SWI5,chr4,730848,-,506,397.8,Eth
1783,SWI5,chr4,730848,-,506,298.3,Glu
1784,RPA14,chr4,750781,+,211,53.3,Eth
1785,RPA14,chr4,750781,+,211,42.0,Glu
1786,CPR1,chr4,750781,-,243,53.3,Eth
1787,CPR1,chr4,750781,-,243,42.0,Glu
1788,STB3,chr4,775539,-,188,22.2,Glu
1789,STB3,chr4,775835,-,108,57.9,Eth
1790,STB3,chr4,775835,-,108,43.8,Glu
1791,HSP42,chr4,786051,+,107,53.0,Eth
1792,HSP42,chr4,786051,+,107,34.0,Glu
1793,HMO1,chr4,791613,+,102,37.0,Eth
1794,ARG82,chr4,791613,-,307,37.0,Eth
1795,CCT6,chr4,815623,+,396,65.0,Eth
1796,CCT6,chr4,815623,+,396,59.0,Glu
1797,SND1,chr4,815623,-,426,65.0,Eth
1798,SND1,chr4,815623,-,426,59.0,Glu
1799,EBS1,chr4,840875,+,481,29.4,Eth
1800,EBS1,chr4,840875,+,481,30.4,Glu
1801,UME6,chr4,846457,-,803,121.7,Eth
1802,UME6,chr4,846457,-,803,89.8,Glu
1803,MSS4,chr4,847520,+,229,51.9,Eth
1804,MSS4,chr4,847520,+,229,24.9,Glu
1805,UME6,chr4,847520,-,260,51.9,Eth
1806,UME6,chr4,847520,-,260,24.9,Glu
1807,MSS4,chr4,847602,+,147,93.1,Eth
1808,MSS4,chr4,847602,+,147,61.1,Glu
1809,UME6,chr4,847602,-,342,93.1,Eth
1810,UME6,chr4,847602,-,342,61.1,Glu
1811,UPC2,chr4,868676,+,484,31.9,Eth
1812,UPC2,chr4,868676,+,484,89.6,Glu
1813,ADR1,chr4,873874,+,252,187.8,Eth
1814,ADR1,chr4,873874,+,252,104.6,Glu
1815,ADR1,chr4,873883,+,243,204.7,Eth
1816,ADR1,chr4,873883,+,243,104.4,Glu
1817,ADR1,chr4,873938,+,188,125.4,Eth
1818,ADR1,chr4,873938,+,188,55.0,Glu
1819,CRF1,chr4,891145,+,257,27.8,Eth
1820,CRF1,chr4,891145,+,257,30.4,Glu
1821,HTA1,chr4,894824,+,222,32.0,Eth
1822,HTA1,chr4,894824,+,222,36.0,Glu
1823,HTB1,chr4,894824,-,487,32.0,Eth
1824,HTB1,chr4,894824,-,487,36.0,Glu
1825,HEM1,chr4,906191,+,582,30.0,Glu
1826,COX20,chr4,906191,-,316,30.0,Glu
1827,TRS23,chr4,934833,+,977,79.0,Eth
1828,TRS23,chr4,934833,+,977,82.0,Glu
1829,VHS1,chr4,934833,+,405,79.0,Eth
1830,VHS1,chr4,934833,+,405,82.0,Glu
1831,HSP78,chr4,953893,-,52,33.9,Eth
1832,HSP78,chr4,953893,-,52,28.3,Glu
1833,YAP6,chr4,956312,-,745,77.9,Eth
1834,YAP6,chr4,956312,-,745,64.8,Glu
1835,SWM1,chr4,956312,-,527,77.9,Eth
1836,SWM1,chr4,956312,-,527,64.8,Glu
1837,GLO2,chr4,987954,+,402,28.0,Eth
1838,GLO2,chr4,987954,+,402,22.0,Glu
1839,BSC2,chr4,991145,+,413,586.0,Eth
1840,BSC2,chr4,991145,+,413,407.0,Glu
1841,PMP3,chr4,993394,-,307,90.4,Eth
1842,PMP3,chr4,993394,-,307,29.9,Glu
1843,PMP3,chr4,993449,-,362,70.6,Eth
1844,PMP3,chr4,993449,-,362,42.1,Glu
1845,RNH202,chr4,998643,+,61,35.0,Eth
1846,RNH202,chr4,998643,+,61,27.0,Glu
1847,SUR2,chr4,1035690,+,228,68.6,Eth
1848,SUR2,chr4,1035690,+,228,25.4,Glu
1849,BFR2,chr4,1038808,+,162,62.0,Eth
1850,BFR2,chr4,1038808,+,162,41.0,Glu
1851,ATP5,chr4,1038808,-,473,62.0,Eth
1852,ATP5,chr4,1038808,-,473,41.0,Glu
1853,CFT1,chr4,1042653,+,43,21.8,Glu
1854,PRO1,chr4,1042653,-,427,21.8,Glu
1855,GIC2,chr4,1059162,-,480,47.0,Eth
1856,GIC2,chr4,1059162,-,480,55.0,Glu
1857,GIC2,chr4,1059844,-,202,30.2,Eth
1858,GIC2,chr4,1060018,-,376,102.8,Eth
1859,GIC2,chr4,1060018,-,376,52.5,Glu
1860,SSF2,chr4,1066654,+,288,95.4,Eth
1861,SSF2,chr4,1066654,+,288,77.8,Glu
1862,HXT6,chr4,1140998,-,183,35.0,Eth
1863,HXT6,chr4,1140998,-,183,29.0,Glu
1864,HXT6,chr4,1141311,-,496,311.4,Eth
1865,HXT6,chr4,1141311,-,496,144.2,Glu
1866,HXT6,chr4,1141495,-,680,301.6,Eth
1867,HXT6,chr4,1141495,-,680,178.8,Glu
1868,TRR1,chr4,1163187,+,549,62.0,Eth
1869,TRR1,chr4,1163187,+,549,34.0,Glu
1870,TRP4,chr4,1163187,+,871,62.0,Eth
1871,TRP4,chr4,1163187,+,871,34.0,Glu
1872,SDH6,chr4,1213298,-,373,30.0,Eth
1873,SDH6,chr4,1213298,-,373,29.0,Glu
1874,EFT2,chr4,1221743,+,818,97.7,Eth
1875,EFT2,chr4,1221743,+,818,33.9,Glu
1876,ATO3,chr4,1221743,-,259,97.7,Eth
1877,ATO3,chr4,1221743,-,259,33.9,Glu
1878,EFT2,chr4,1221984,+,577,147.3,Eth
1879,EFT2,chr4,1221984,+,577,100.1,Glu
1880,ATO3,chr4,1221984,-,500,147.3,Eth
1881,ATO3,chr4,1221984,-,500,100.1,Glu
1882,SAC7,chr4,1231177,+,221,58.0,Eth
1883,SAC7,chr4,1231177,+,221,41.0,Glu
1884,PDR15,chr4,1258202,+,261,237.6,Eth
1885,PDR15,chr4,1258202,+,261,135.4,Glu
1886,RPL12B,chr4,1280101,+,864,25.0,Glu
1887,RAD30,chr4,1282995,+,456,26.9,Eth
1888,GPI19,chr4,1317189,+,690,33.0,Eth
1889,APT2,chr4,1324717,-,292,42.0,Eth
1890,APT2,chr4,1324717,-,292,32.0,Glu
1891,RPS18A,chr4,1338933,+,152,70.9,Eth
1892,RPS18A,chr4,1338933,+,152,49.9,Glu
1893,UTP6,chr4,1338933,-,813,70.9,Eth
1894,UTP6,chr4,1338933,-,813,49.9,Glu
1895,PPN1,chr4,1341577,+,340,128.0,Eth
1896,PPN1,chr4,1341577,+,340,65.0,Glu
1897,YHP1,chr4,1341577,-,145,128.0,Eth
1898,YHP1,chr4,1341577,-,145,65.0,Glu
1899,MRPL28,chr4,1365819,+,611,26.0,Eth
1900,MRPL28,chr4,1365819,+,611,22.0,Glu
1901,STP1,chr4,1365819,+,141,26.0,Eth
1902,STP1,chr4,1365819,+,141,22.0,Glu
1903,CMI8,chr4,1365819,-,846,26.0,Eth
1904,CMI8,chr4,1365819,-,846,22.0,Glu
1905,SNF1,chr4,1390458,+,823,37.0,Eth
1906,SNF1,chr4,1390458,+,823,26.0,Glu
1907,YDR476C,chr4,1390458,-,124,37.0,Eth
1908,YDR476C,chr4,1390458,-,124,26.0,Glu
1909,KRE2,chr4,1399973,+,347,30.6,Eth
1910,PHO8,chr4,1399973,-,479,30.6,Eth
1911,CWC21,chr4,1399973,-,119,30.6,Eth
1912,RIB3,chr4,1408517,-,269,82.0,Eth
1913,RIB3,chr4,1408517,-,269,52.0,Glu
1914,ITR1,chr4,1423877,-,854,37.0,Eth
1915,ITR1,chr4,1423877,-,854,27.0,Glu
1916,ITR1,chr4,1424520,-,211,25.2,Eth
1917,ITR1,chr4,1424520,-,211,26.2,Glu
1918,ITR1,chr4,1424870,-,139,880.3,Eth
1919,ITR1,chr4,1424870,-,139,628.5,Glu
1920,ITR1,chr4,1424938,-,207,412.5,Eth
1921,ITR1,chr4,1424938,-,207,270.3,Glu
1922,ITR1,chr4,1425207,-,476,40.0,Eth
1923,ITR1,chr4,1425207,-,476,41.0,Glu
1924,LCD1,chr4,1426926,+,100,177.0,Eth
1925,LCD1,chr4,1426926,+,100,127.0,Glu
1926,SEC20,chr4,1426926,-,705,177.0,Eth
1927,SEC20,chr4,1426926,-,705,127.0,Glu
1928,SAM2,chr4,1432731,-,970,26.9,Eth
1929,SAM2,chr4,1433850,-,149,109.7,Eth
1930,SAM2,chr4,1433850,-,149,90.9,Glu
1931,SAM2,chr4,1434021,-,320,78.7,Eth
1932,SAM2,chr4,1434021,-,320,43.1,Glu
1933,LPP1,chr4,1435178,-,73,27.0,Eth
1934,LPP1,chr4,1435178,-,73,24.0,Glu
1935,PSP1,chr4,1439138,-,574,66.6,Eth
1936,PSP1,chr4,1439138,-,574,57.1,Glu
1937,SMT3,chr4,1448059,+,445,110.5,Eth
1938,SMT3,chr4,1448059,+,445,70.9,Glu
1939,GNP1,chr4,1448059,-,382,110.5,Eth
1940,GNP1,chr4,1448059,-,382,70.9,Glu
1941,SMT3,chr4,1448320,+,184,49.5,Eth
1942,SMT3,chr4,1448320,+,184,29.1,Glu
1943,SDH7,chr4,1448320,+,861,49.5,Eth
1944,SDH7,chr4,1448320,+,861,29.1,Glu
1945,GNP1,chr4,1448320,-,643,49.5,Eth
1946,GNP1,chr4,1448320,-,643,29.1,Glu
1947,SDH7,chr4,1449658,+,477,42.5,Eth
1948,SDH7,chr4,1449658,+,477,41.4,Glu
1949,GRX2,chr4,1449658,+,526,42.5,Eth
1950,GRX2,chr4,1449658,+,526,41.4,Glu
1951,EMI1,chr4,1449658,-,325,42.5,Eth
1952,EMI1,chr4,1449658,-,325,41.4,Glu
1953,FPR2,chr4,1459888,+,319,28.4,Eth
1954,FPR2,chr4,1459888,+,319,38.1,Glu
1955,SNA2,chr4,1469513,+,237,186.0,Eth
1956,SNA2,chr4,1469513,+,237,88.0,Glu
1957,RBA50,chr4,1469513,+,750,186.0,Eth
1958,RBA50,chr4,1469513,+,750,88.0,Glu
1959,YDR524C-B,chr4,1469513,-,487,186.0,Eth
1960,YDR524C-B,chr4,1469513,-,487,88.0,Glu
1961,HLR1,chr4,1472563,+,880,23.0,Glu
1962,YDR541C,chr4,1500046,-,118,42.0,Eth
1963,YEL073C,chr5,9246,-,376,34.5,Eth
1964,HXT13,chr5,24664,-,408,60.5,Eth
1965,HXT13,chr5,24664,-,408,47.4,Glu
1966,PRB1,chr5,43157,-,172,81.0,Eth
1967,PRB1,chr5,43157,-,172,48.0,Glu
1968,SOM1,chr5,43157,-,522,81.0,Eth
1969,SOM1,chr5,43157,-,522,48.0,Glu
1970,RPL12A,chr5,54656,-,431,28.0,Eth
1971,IES6,chr5,70242,+,469,108.0,Eth
1972,IES6,chr5,70242,+,469,54.0,Glu
1973,GLY1,chr5,70242,-,390,108.0,Eth
1974,GLY1,chr5,70242,-,390,54.0,Glu
1975,UTR2,chr5,78599,+,402,77.0,Eth
1976,UTR2,chr5,78599,+,402,81.0,Glu
1977,HYP2,chr5,87368,+,809,90.7,Eth
1978,HYP2,chr5,87368,+,809,79.8,Glu
1979,MCM3,chr5,87368,+,439,90.7,Eth
1980,MCM3,chr5,87368,+,439,79.8,Glu
1981,TIM9,chr5,118663,+,600,45.2,Eth
1982,TIM9,chr5,118663,+,600,23.6,Glu
1983,TIM9,chr5,119007,+,944,123.8,Eth
1984,TIM9,chr5,119007,+,944,82.4,Glu
1985,GTT3,chr5,124217,+,312,102.0,Eth
1986,GTT3,chr5,124217,+,312,60.0,Glu
1987,PMP2,chr5,124217,-,327,102.0,Eth
1988,PMP2,chr5,124217,-,327,60.0,Glu
1989,MNN1,chr5,153735,+,638,293.8,Eth
1990,MNN1,chr5,153735,+,638,203.5,Glu
1991,MNN1,chr5,154064,+,309,55.2,Eth
1992,MNN1,chr5,154064,+,309,27.5,Glu
1993,TIR1,chr5,175729,+,367,32.8,Eth
1994,ISC1,chr5,192924,+,813,69.2,Eth
1995,ISC1,chr5,192924,+,813,43.6,Glu
1996,AFG3,chr5,192924,-,164,69.2,Eth
1997,AFG3,chr5,192924,-,164,43.6,Glu
1998,SPC25,chr5,192924,-,646,69.2,Eth
1999,SPC25,chr5,192924,-,646,43.6,Glu
2000,ISC1,chr5,193251,+,486,46.8,Eth
2001,AFG3,chr5,193251,-,491,46.8,Eth
2002,SPC25,chr5,193251,-,319,46.8,Eth
2003,ISC1,chr5,194247,+,510,88.3,Eth
2004,SPC25,chr5,194247,-,677,88.3,Eth
2005,ISC1,chr5,194546,+,809,30.7,Eth
2006,SPC25,chr5,194546,-,976,30.7,Eth
2007,SBH2,chr5,194546,-,937,30.7,Eth
2008,GPA2,chr5,195906,+,86,49.0,Eth
2009,GPA2,chr5,195906,+,86,42.0,Glu
2010,SBH2,chr5,195906,-,423,49.0,Eth
2011,SBH2,chr5,195906,-,423,42.0,Glu
2012,PRO3,chr5,202065,+,156,47.0,Eth
2013,PRO3,chr5,202065,+,156,34.0,Glu
2014,YAT2,chr5,202065,+,976,47.0,Eth
2015,YAT2,chr5,202065,+,976,34.0,Glu
2016,GCD11,chr5,205540,+,535,35.0,Eth
2017,CHO1,chr5,209502,-,124,85.0,Eth
2018,CHO1,chr5,209502,-,124,87.0,Glu
2019,YER034W,chr5,222635,+,65,316.0,Eth
2020,YER034W,chr5,222635,+,65,259.0,Glu
2021,EDC2,chr5,222635,+,796,316.0,Eth
2022,EDC2,chr5,222635,+,796,259.0,Glu
2023,YER034W,chr5,223355,+,655,177.9,Eth
2024,YER034W,chr5,223355,+,655,94.6,Glu
2025,EDC2,chr5,223355,+,76,177.9,Eth
2026,EDC2,chr5,223355,+,76,94.6,Glu
2027,YER034W,chr5,223576,+,876,76.1,Eth
2028,YER034W,chr5,223576,+,876,60.4,Glu
2029,EDC2,chr5,223576,+,145,76.1,Eth
2030,EDC2,chr5,223576,+,145,60.4,Glu
2031,PHM8,chr5,226452,+,263,23.0,Glu
2032,ARB1,chr5,226452,-,349,23.0,Glu
2033,MXR1,chr5,235879,+,126,22.0,Glu
2034,SAH1,chr5,238198,-,182,208.0,Eth
2035,SAH1,chr5,238198,-,182,174.0,Glu
2036,ERG28,chr5,238198,-,731,208.0,Eth
2037,ERG28,chr5,238198,-,731,174.0,Glu
2038,HOM3,chr5,258783,-,220,32.3,Eth
2039,YER053C-A,chr5,262143,-,513,120.0,Eth
2040,YER053C-A,chr5,262143,-,513,59.0,Glu
2041,GIP2,chr5,265067,-,419,35.5,Glu
2042,HIS1,chr5,266668,-,258,46.0,Eth
2043,HIS1,chr5,266668,-,258,32.0,Glu
2044,FCY2,chr5,269123,-,401,94.0,Eth
2045,FCY2,chr5,269123,-,401,70.0,Glu
2046,THO1,chr5,281955,+,204,49.0,Eth
2047,THO1,chr5,281955,+,204,38.0,Glu
2048,GPP2,chr5,281955,-,705,49.0,Eth
2049,GPP2,chr5,281955,-,705,38.0,Glu
2050,VHR2,chr5,285163,-,346,138.1,Eth
2051,VHR2,chr5,285163,-,346,88.2,Glu
2052,"ARG5,6",chr5,295753,+,65,43.0,Eth
2053,"ARG5,6",chr5,295753,+,65,30.0,Glu
2054,VTC1,chr5,304121,+,940,83.0,Eth
2055,VTC1,chr5,304121,+,940,52.0,Glu
2056,ALD5,chr5,304121,+,309,83.0,Eth
2057,ALD5,chr5,304121,+,309,52.0,Glu
2058,PTP3,chr5,312422,-,619,37.6,Eth
2059,YER079W,chr5,318726,+,913,21.4,Glu
2060,ICP55,chr5,318726,-,613,21.4,Glu
2061,SBH1,chr5,332871,-,801,25.0,Glu
2062,DOT6,chr5,336436,-,318,140.0,Eth
2063,DOT6,chr5,336436,-,318,74.0,Glu
2064,IES5,chr5,343219,+,394,195.7,Eth
2065,IES5,chr5,343219,+,394,136.8,Glu
2066,MET6,chr5,343219,-,186,195.7,Eth
2067,MET6,chr5,343219,-,186,136.8,Glu
2068,IES5,chr5,343346,+,267,130.3,Eth
2069,IES5,chr5,343346,+,267,72.2,Glu
2070,MET6,chr5,343346,-,313,130.3,Eth
2071,MET6,chr5,343346,-,313,72.2,Glu
2072,RAD51,chr5,350339,+,392,44.0,Eth
2073,PUP3,chr5,350339,-,97,44.0,Eth
2074,RPS8B,chr5,363342,+,125,39.0,Eth
2075,AST2,chr5,363342,-,747,39.0,Eth
2076,RPL23B,chr5,397181,+,261,56.0,Eth
2077,RPL23B,chr5,397181,+,261,28.0,Glu
2078,SLX8,chr5,397181,-,209,56.0,Eth
2079,SLX8,chr5,397181,-,209,28.0,Glu
2080,VFA1,chr5,417164,+,762,29.0,Eth
2081,VFA1,chr5,417164,+,762,22.0,Glu
2082,SAK1,chr5,417164,+,170,29.0,Eth
2083,SAK1,chr5,417164,+,170,22.0,Glu
2084,RPS26B,chr5,423306,+,757,61.0,Eth
2085,RPS26B,chr5,423306,+,757,41.0,Glu
2086,COM2,chr5,423306,-,235,61.0,Eth
2087,COM2,chr5,423306,-,235,41.0,Glu
2088,YER137C,chr5,442353,-,329,41.5,Eth
2089,YER137C,chr5,442353,-,329,29.6,Glu
2090,YER137C,chr5,442549,-,525,40.5,Eth
2091,YER137C,chr5,442549,-,525,25.4,Glu
2092,LSM5,chr5,455884,+,916,66.0,Eth
2093,FTR1,chr5,455884,-,154,66.0,Eth
2094,LSM5,chr5,456239,+,561,137.0,Eth
2095,LSM5,chr5,456239,+,561,60.0,Glu
2096,FTR1,chr5,456239,-,201,137.0,Eth
2097,FTR1,chr5,456239,-,201,60.0,Glu
2098,LSM5,chr5,457358,+,558,63.4,Eth
2099,LSM5,chr5,457358,+,558,39.0,Glu
2100,OXA1,chr5,468412,+,860,187.0,Eth
2101,OXA1,chr5,468412,+,860,113.0,Glu
2102,YER152C,chr5,468412,-,137,187.0,Eth
2103,YER152C,chr5,468412,-,137,113.0,Glu
2104,PET122,chr5,468412,-,659,187.0,Eth
2105,PET122,chr5,468412,-,659,113.0,Glu
2106,OXA1,chr5,468850,+,422,85.0,Eth
2107,OXA1,chr5,468850,+,422,34.0,Glu
2108,YER152C,chr5,468850,-,575,85.0,Eth
2109,YER152C,chr5,468850,-,575,34.0,Glu
2110,PET122,chr5,468850,-,221,85.0,Eth
2111,PET122,chr5,468850,-,221,34.0,Glu
2112,YER158C,chr5,485257,-,219,63.8,Eth
2113,YER158C,chr5,485257,-,219,30.3,Glu
2114,YER158C,chr5,485483,-,445,139.2,Eth
2115,YER158C,chr5,485483,-,445,58.7,Glu
2116,BUR6,chr5,485483,-,908,139.2,Eth
2117,BUR6,chr5,485483,-,908,58.7,Glu
2118,YER158C,chr5,486000,-,962,59.0,Eth
2119,YER158C,chr5,486000,-,962,75.0,Glu
2120,BUR6,chr5,486000,-,391,59.0,Eth
2121,BUR6,chr5,486000,-,391,75.0,Glu
2122,SLO1,chr5,545122,-,64,29.9,Eth
2123,SLO1,chr5,545122,-,64,28.5,Glu
2124,ACT1,chr6,55781,-,337,27.0,Eth
2125,YPT1,chr6,55781,-,867,27.0,Eth
2126,STE2,chr6,83023,+,155,39.0,Eth
2127,GYP8,chr6,83023,-,491,39.0,Eth
2128,BUD27,chr6,91317,+,283,57.8,Eth
2129,BUD27,chr6,91317,+,283,54.8,Glu
2130,EPL1,chr6,91317,-,30,57.8,Eth
2131,EPL1,chr6,91317,-,30,54.8,Glu
2132,GAT1,chr6,96821,+,12,151.0,Eth
2133,GAT1,chr6,96821,+,12,80.0,Glu
2134,FRS2,chr6,96821,-,947,151.0,Eth
2135,FRS2,chr6,96821,-,947,80.0,Glu
2136,HSP12,chr6,107422,+,554,78.0,Eth
2137,HSP12,chr6,107422,+,554,48.0,Glu
2138,MDJ1,chr6,107422,-,374,78.0,Eth
2139,MDJ1,chr6,107422,-,374,48.0,Glu
2140,LOC1,chr6,150953,+,106,22.0,Glu
2141,NIC96,chr6,150953,+,823,22.0,Glu
2142,GSY1,chr6,178497,-,282,64.0,Eth
2143,GSY1,chr6,178497,-,282,43.0,Glu
2144,IGD1,chr6,185400,-,344,111.0,Eth
2145,IGD1,chr6,185400,-,344,65.0,Glu
2146,RPL2A,chr6,223609,-,138,49.6,Eth
2147,RPL2A,chr6,223609,-,138,23.2,Glu
2148,RPL2A,chr6,223734,-,263,63.4,Eth
2149,RPL2A,chr6,223734,-,263,28.8,Glu
2150,QCR6,chr6,227203,-,314,297.0,Eth
2151,QCR6,chr6,227203,-,314,149.0,Glu
2152,PHO4,chr6,227203,-,804,297.0,Eth
2153,PHO4,chr6,227203,-,804,149.0,Glu
2154,CDC26,chr6,228434,+,521,37.0,Glu
2155,PHO4,chr6,228434,-,427,37.0,Glu
2156,HXK1,chr6,257505,-,350,83.0,Eth
2157,HXK1,chr6,257505,-,350,88.0,Glu
2158,ZRT1,chr7,26706,+,557,37.7,Eth
2159,ZRT1,chr7,26706,+,557,25.7,Glu
2160,ZRT1,chr7,26824,+,439,47.3,Eth
2161,ZRT1,chr7,26824,+,439,28.3,Glu
2162,HXK2,chr7,29800,+,415,34.3,Eth
2163,TAD1,chr7,49237,+,418,92.0,Eth
2164,TAD1,chr7,49237,+,418,67.0,Glu
2165,"ADE5,7",chr7,62241,+,566,45.9,Eth
2166,"ADE5,7",chr7,62241,+,566,35.4,Glu
2167,MTO1,chr7,62241,-,83,45.9,Eth
2168,MTO1,chr7,62241,-,83,35.4,Glu
2169,SHE10,chr7,72984,+,903,22.0,Glu
2170,SAP4,chr7,72984,-,547,22.0,Glu
2171,COX13,chr7,163231,+,39,34.0,Eth
2172,STR3,chr7,174845,-,286,540.0,Eth
2173,STR3,chr7,174845,-,286,296.0,Glu
2174,ATG1,chr7,177403,+,586,46.0,Eth
2175,ATG1,chr7,177403,+,586,53.0,Glu
2176,RAD54,chr7,215378,-,403,84.3,Eth
2177,RAD54,chr7,215378,-,403,44.8,Glu
2178,SUT1,chr7,215798,+,606,125.0,Eth
2179,SUT1,chr7,215798,+,606,73.0,Glu
2180,RAD54,chr7,215798,-,823,125.0,Eth
2181,RAD54,chr7,215798,-,823,73.0,Glu
2182,PEX14,chr7,234542,+,120,40.0,Eth
2183,PEX14,chr7,234542,+,120,26.0,Glu
2184,LYS5,chr7,234542,-,28,40.0,Eth
2185,LYS5,chr7,234542,-,28,26.0,Glu
2186,RPL9A,chr7,246907,-,147,35.0,Eth
2187,RPL9A,chr7,246907,-,147,35.0,Glu
2188,SCS3,chr7,289534,+,463,187.0,Eth
2189,SCS3,chr7,289534,+,463,88.0,Glu
2190,MET13,chr7,289534,+,945,187.0,Eth
2191,MET13,chr7,289534,+,945,88.0,Glu
2192,SOH1,chr7,289534,-,632,187.0,Eth
2193,SOH1,chr7,289534,-,632,88.0,Glu
2194,SCS3,chr7,290064,+,993,605.0,Eth
2195,SCS3,chr7,290064,+,993,269.8,Glu
2196,MET13,chr7,290064,+,415,605.0,Eth
2197,MET13,chr7,290064,+,415,269.8,Glu
2198,MET13,chr7,290355,+,124,283.0,Eth
2199,MET13,chr7,290355,+,124,214.2,Glu
2200,MET13,chr7,290493,+,14,63.0,Eth
2201,MET13,chr7,290493,+,14,51.0,Glu
2202,RPS2,chr7,295275,+,345,58.0,Eth
2203,RPS2,chr7,295275,+,345,31.0,Glu
2204,MON1,chr7,295275,-,425,58.0,Eth
2205,MON1,chr7,295275,-,425,31.0,Glu
2206,RPS2,chr7,296589,+,969,42.0,Eth
2207,RPS2,chr7,296589,+,969,33.0,Glu
2208,CDC20,chr7,307550,+,198,107.0,Eth
2209,CDC20,chr7,307550,+,198,65.0,Glu
2210,SNF4,chr7,309863,+,143,76.0,Eth
2211,SNF4,chr7,309863,+,143,57.0,Glu
2212,LCL3,chr7,367750,+,250,34.0,Glu
2213,HNM1,chr7,382106,-,145,123.0,Eth
2214,HNM1,chr7,382106,-,145,136.0,Glu
2215,AFT1,chr7,389313,+,97,49.0,Eth
2216,AFT1,chr7,389313,+,97,34.0,Glu
2217,PYC1,chr7,402577,+,501,774.9,Eth
2218,PYC1,chr7,402577,+,501,425.3,Glu
2219,PYC1,chr7,402903,+,175,83.1,Eth
2220,PYC1,chr7,402903,+,175,64.7,Glu
2221,OLE1,chr7,415689,+,789,38.4,Eth
2222,OLE1,chr7,415689,+,789,25.1,Glu
2223,SDS23,chr7,415689,-,95,38.4,Eth
2224,SDS23,chr7,415689,-,95,25.1,Glu
2225,OLE1,chr7,415972,+,506,78.3,Eth
2226,OLE1,chr7,415972,+,506,53.1,Glu
2227,SDS23,chr7,415972,-,378,78.3,Eth
2228,SDS23,chr7,415972,-,378,53.1,Glu
2229,OLE1,chr7,416129,+,349,160.2,Eth
2230,OLE1,chr7,416129,+,349,56.9,Glu
2231,SDS23,chr7,416129,-,535,160.2,Eth
2232,SDS23,chr7,416129,-,535,56.9,Glu
2233,RIM8,chr7,431278,+,672,142.8,Eth
2234,RIM8,chr7,431278,+,672,59.8,Glu
2235,MIG1,chr7,450849,-,214,22.0,Glu
2236,MIG1,chr7,451318,-,255,90.0,Eth
2237,MIG1,chr7,451318,-,255,64.0,Glu
2238,SCW11,chr7,461586,-,614,31.2,Eth
2239,SCW11,chr7,461586,-,614,22.9,Glu
2240,PMA1,chr7,501314,-,531,341.0,Eth
2241,PMA1,chr7,501314,-,531,153.0,Glu
2242,PMC1,chr7,503161,+,212,28.0,Eth
2243,PMC1,chr7,503161,+,212,30.0,Glu
2244,COG7,chr7,508530,-,75,49.0,Eth
2245,COG7,chr7,508530,-,75,37.0,Glu
2246,GSC2,chr7,565389,+,408,426.3,Eth
2247,GSC2,chr7,565389,+,408,215.6,Glu
2248,GSC2,chr7,565608,+,189,33.7,Eth
2249,GSC2,chr7,565608,+,189,23.4,Glu
2250,YGR035C,chr7,575760,-,310,49.8,Eth
2251,YGR035C,chr7,575760,-,310,37.1,Glu
2252,ORM1,chr7,578222,+,260,32.0,Eth
2253,ACB1,chr7,578222,-,242,32.0,Eth
2254,KSS1,chr7,598616,+,127,45.0,Eth
2255,KSS1,chr7,598616,+,127,33.0,Glu
2256,TAM41,chr7,607757,+,583,34.9,Eth
2257,TAM41,chr7,607757,+,583,34.0,Glu
2258,RME1,chr7,607757,-,226,34.9,Eth
2259,RME1,chr7,607757,-,226,34.0,Glu
2260,SCM4,chr7,615173,+,350,49.2,Eth
2261,SCM4,chr7,615173,+,350,28.5,Glu
2262,FMP48,chr7,616206,+,814,156.7,Eth
2263,FMP48,chr7,616206,+,814,77.7,Glu
2264,FMP48,chr7,616480,+,540,885.3,Eth
2265,FMP48,chr7,616480,+,540,464.3,Glu
2266,FMP48,chr7,616604,+,416,123.0,Eth
2267,FMP48,chr7,616604,+,416,49.0,Glu
2268,MUP1,chr7,622612,+,320,71.8,Eth
2269,MUP1,chr7,622612,+,320,39.9,Glu
2270,ERG25,chr7,633626,+,450,68.3,Eth
2271,ERG25,chr7,633626,+,450,61.7,Glu
2272,VHT1,chr7,643822,-,395,23.0,Glu
2273,YGR067C,chr7,648714,-,277,300.9,Eth
2274,YGR067C,chr7,648714,-,277,97.5,Glu
2275,YGR067C,chr7,649009,-,572,655.1,Eth
2276,YGR067C,chr7,649009,-,572,306.5,Glu
2277,PIL1,chr7,674409,-,171,114.0,Eth
2278,PIL1,chr7,674409,-,171,78.0,Glu
2279,PIL1,chr7,674970,-,732,151.0,Eth
2280,PIL1,chr7,674970,-,732,60.0,Glu
2281,CTT1,chr7,677659,+,459,100.2,Eth
2282,CTT1,chr7,677659,+,459,65.9,Glu
2283,ASK10,chr7,701430,+,725,27.4,Glu
2284,YGR122W,chr7,756878,+,392,85.0,Eth
2285,YGR122W,chr7,756878,+,392,58.0,Glu
2286,MEP1,chr7,756878,-,439,85.0,Eth
2287,MEP1,chr7,756878,-,439,58.0,Glu
2288,PPT1,chr7,761796,-,84,62.0,Eth
2289,PPT1,chr7,761796,-,84,61.0,Glu
2290,YGR126W,chr7,768676,+,514,54.0,Eth
2291,YGR126W,chr7,768676,+,514,58.0,Glu
2292,FHN1,chr7,777818,+,287,71.0,Eth
2293,FHN1,chr7,777818,+,287,48.0,Glu
2294,YGR130C,chr7,777818,-,418,71.0,Eth
2295,YGR130C,chr7,777818,-,418,48.0,Glu
2296,BTN2,chr7,795621,+,221,46.7,Eth
2297,SKN1,chr7,798089,+,302,86.0,Eth
2298,SKN1,chr7,798089,+,302,59.0,Glu
2299,ECL1,chr7,809256,-,648,66.0,Eth
2300,ECL1,chr7,809256,-,648,43.0,Glu
2301,GPC1,chr7,811988,+,443,40.1,Eth
2302,GPC1,chr7,811988,+,443,22.3,Glu
2303,RPL24B,chr7,811988,-,335,40.1,Eth
2304,RPL24B,chr7,811988,-,335,22.3,Glu
2305,GPC1,chr7,812284,+,147,127.9,Eth
2306,GPC1,chr7,812284,+,147,98.7,Glu
2307,RPL24B,chr7,812284,-,631,127.9,Eth
2308,RPL24B,chr7,812284,-,631,98.7,Glu
2309,CCM1,chr7,816610,-,63,42.6,Eth
2310,CCM1,chr7,816610,-,63,36.3,Glu
2311,CYS4,chr7,821735,+,207,47.1,Eth
2312,CYS4,chr7,821735,+,207,38.0,Glu
2313,GTO1,chr7,821735,-,384,47.1,Eth
2314,GTO1,chr7,821735,-,384,38.0,Glu
2315,CHO2,chr7,825446,+,324,236.7,Eth
2316,CHO2,chr7,825446,+,324,140.2,Glu
2317,CHO2,chr7,825582,+,188,357.3,Eth
2318,CHO2,chr7,825582,+,188,191.8,Glu
2319,YGR161W-C,chr7,833356,+,272,158.0,Eth
2320,YGR161W-C,chr7,833356,+,272,76.0,Glu
2321,RTS3,chr7,833356,-,410,158.0,Eth
2322,RTS3,chr7,833356,-,410,76.0,Glu
2323,PSD2,chr7,862891,+,488,29.9,Eth
2324,PUS6,chr7,862891,-,669,29.9,Eth
2325,LSO2,chr7,862891,-,166,29.9,Eth
2326,PSD2,chr7,863308,+,71,104.0,Eth
2327,PSD2,chr7,863308,+,71,81.0,Glu
2328,LSO2,chr7,863308,-,251,104.0,Eth
2329,LSO2,chr7,863308,-,251,81.0,Glu
2330,ERG1,chr7,875200,-,394,171.0,Eth
2331,ERG1,chr7,875200,-,394,101.0,Glu
2332,ATF2,chr7,876866,-,93,38.0,Glu
2333,RNR4,chr7,883152,-,542,217.0,Eth
2334,RNR4,chr7,883152,-,542,112.0,Glu
2335,CRH1,chr7,904689,-,137,28.0,Eth
2336,CRH1,chr7,904689,-,137,25.0,Glu
2337,TDH3,chr7,910425,-,294,52.3,Eth
2338,TDH3,chr7,910425,-,294,36.5,Glu
2339,FYV8,chr7,918613,-,105,29.0,Eth
2340,FYV8,chr7,918613,-,105,25.0,Glu
2341,YCH1,chr7,931571,+,63,51.7,Eth
2342,ADE3,chr7,931571,+,614,51.7,Eth
2343,PCT1,chr7,931571,-,527,51.7,Eth
2344,YCH1,chr7,931775,+,267,263.3,Eth
2345,YCH1,chr7,931775,+,267,124.6,Glu
2346,ADE3,chr7,931775,+,410,263.3,Eth
2347,ADE3,chr7,931775,+,410,124.6,Glu
2348,PCT1,chr7,931775,-,731,263.3,Eth
2349,PCT1,chr7,931775,-,731,124.6,Glu
2350,RPS0A,chr7,946631,+,191,43.0,Eth
2351,RPS0A,chr7,946631,+,191,29.0,Glu
2352,CCH1,chr7,950733,+,180,31.0,Eth
2353,GPI1,chr7,950733,-,44,31.0,Eth
2354,PHO81,chr7,984822,-,120,36.0,Eth
2355,YHB1,chr7,985479,+,673,88.7,Eth
2356,YHB1,chr7,985479,+,673,51.2,Glu
2357,PHO81,chr7,985479,-,777,88.7,Eth
2358,PHO81,chr7,985479,-,777,51.2,Glu
2359,YHB1,chr7,985798,+,354,57.6,Eth
2360,YHB1,chr7,985798,+,354,38.7,Glu
2361,KEL2,chr7,995022,-,42,38.6,Eth
2362,KEL2,chr7,995202,-,222,164.4,Eth
2363,KEL2,chr7,995202,-,222,114.9,Glu
2364,MPC3,chr7,1003344,+,165,39.0,Eth
2365,MPC3,chr7,1003344,+,165,33.0,Glu
2366,YAP1802,chr7,1003344,-,355,39.0,Eth
2367,YAP1802,chr7,1003344,-,355,33.0,Glu
2368,RIE1,chr7,1020343,-,365,71.7,Eth
2369,RIE1,chr7,1020343,-,365,36.4,Glu
2370,ENO1,chr7,1026484,+,662,377.6,Eth
2371,ENO1,chr7,1026484,+,662,220.1,Glu
2372,ENO1,chr7,1026844,+,302,59.4,Eth
2373,ENO1,chr7,1026844,+,302,40.9,Glu
2374,RAD2,chr7,1037359,-,309,23.3,Glu
2375,TNA1,chr7,1037753,+,782,53.4,Eth
2376,TNA1,chr7,1037753,+,782,37.7,Glu
2377,RAD2,chr7,1037753,-,703,53.4,Eth
2378,RAD2,chr7,1037753,-,703,37.7,Glu
2379,FOL2,chr7,1052351,-,209,48.0,Eth
2380,HUA1,chr7,1052351,-,593,48.0,Eth
2381,SCW4,chr7,1076533,-,237,83.4,Eth
2382,SCW4,chr7,1076533,-,237,43.7,Glu
2383,SCW4,chr7,1076710,-,414,30.6,Eth
2384,SCW4,chr7,1076710,-,414,24.3,Glu
2385,YOR1,chr7,1078637,+,248,197.0,Eth
2386,YOR1,chr7,1078637,+,248,137.0,Glu
2387,PXR1,chr7,1078637,-,641,197.0,Eth
2388,PXR1,chr7,1078637,-,641,137.0,Glu
2389,MAL13,chr7,1095755,+,708,29.0,Eth
2390,MAL13,chr7,1095755,+,708,29.0,Glu
2391,IMA1,chr7,1095755,-,451,29.0,Eth
2392,IMA1,chr7,1095755,-,451,29.0,Glu
2393,YHL044W,chr8,9508,+,944,24.0,Glu
2394,MUP3,chr8,22768,+,339,36.0,Eth
2395,MUP3,chr8,22768,+,339,20.0,Glu
2396,CBP2,chr8,22768,-,328,36.0,Eth
2397,CBP2,chr8,22768,-,328,20.0,Glu
2398,GUT1,chr8,35720,-,237,102.0,Eth
2399,GUT1,chr8,35720,-,237,67.0,Glu
2400,GOS1,chr8,35720,-,673,102.0,Eth
2401,GOS1,chr8,35720,-,673,67.0,Glu
2402,NPR3,chr8,59640,-,153,26.0,Eth
2403,NPR3,chr8,59640,-,153,24.0,Glu
2404,NPR3,chr8,60474,-,987,25.0,Eth
2405,OPI1,chr8,64549,-,117,156.0,Eth
2406,OPI1,chr8,64549,-,117,132.0,Glu
2407,OSH7,chr8,96377,+,552,39.0,Eth
2408,OSH7,chr8,96377,+,552,40.0,Glu
2409,STP2,chr8,107657,+,683,48.0,Eth
2410,STP2,chr8,107657,+,683,37.0,Glu
2411,TIM10,chr8,107657,-,825,48.0,Eth
2412,TIM10,chr8,107657,-,825,37.0,Glu
2413,STP2,chr8,108236,+,104,41.0,Eth
2414,STP2,chr8,108236,+,104,31.0,Glu
2415,ERG11,chr8,113199,-,820,124.0,Eth
2416,ERG11,chr8,113199,-,820,83.0,Glu
2417,SOD2,chr8,113199,-,984,124.0,Eth
2418,SOD2,chr8,113199,-,984,83.0,Glu
2419,RPL27A,chr8,116531,+,505,31.9,Eth
2420,TDA3,chr8,116531,-,51,31.9,Eth
2421,RPL27A,chr8,116763,+,273,30.1,Eth
2422,TDA3,chr8,116763,-,283,30.1,Eth
2423,ARG4,chr8,138049,-,81,48.0,Eth
2424,ARG4,chr8,138049,-,81,41.0,Glu
2425,YHR020W,chr8,139977,+,411,25.0,Eth
2426,DED81,chr8,139977,-,134,25.0,Eth
2427,YHR033W,chr8,171828,+,216,215.0,Eth
2428,YHR033W,chr8,171828,+,216,124.0,Glu
2429,YHR033W,chr8,172331,+,287,93.0,Eth
2430,YHR033W,chr8,172331,+,287,79.0,Glu
2431,NEL1,chr8,174587,+,120,29.0,Eth
2432,NEL1,chr8,174587,+,120,22.0,Glu
2433,PIH1,chr8,174587,-,33,29.0,Eth
2434,PIH1,chr8,174587,-,33,22.0,Glu
2435,NCP1,chr8,186808,+,200,31.0,Eth
2436,FSH1,chr8,202796,+,133,58.0,Eth
2437,FSH1,chr8,202796,+,133,37.0,Glu
2438,GIC1,chr8,223788,-,643,24.0,Eth
2439,RPP1,chr8,223788,-,445,24.0,Eth
2440,HTD2,chr8,231313,+,85,55.0,Eth
2441,HTD2,chr8,231313,+,85,46.0,Glu
2442,PCL5,chr8,236631,+,470,119.1,Eth
2443,PCL5,chr8,236631,+,470,50.1,Glu
2444,PCL5,chr8,236698,+,403,155.9,Eth
2445,PCL5,chr8,236698,+,403,124.9,Glu
2446,SAM35,chr8,272856,+,198,97.1,Eth
2447,SAM35,chr8,272856,+,198,65.8,Glu
2448,HXT5,chr8,297306,-,321,63.0,Eth
2449,HXT5,chr8,297306,-,321,46.9,Glu
2450,HXT5,chr8,297459,-,474,106.0,Eth
2451,HXT5,chr8,297459,-,474,55.1,Glu
2452,GRE3,chr8,323591,+,147,53.1,Eth
2453,GRE3,chr8,323591,+,147,32.1,Glu
2454,EPT1,chr8,355038,+,138,96.8,Eth
2455,EPT1,chr8,355038,+,138,74.8,Glu
2456,ARO9,chr8,375507,+,548,26.9,Eth
2457,ARO9,chr8,375507,+,548,22.5,Glu
2458,YCK1,chr8,375507,-,701,26.9,Eth
2459,YCK1,chr8,375507,-,701,22.5,Glu
2460,YHR140W,chr8,379984,+,953,26.0,Eth
2461,YHR140W,chr8,379984,+,953,27.0,Glu
2462,SPS100,chr8,379984,-,398,26.0,Eth
2463,SPS100,chr8,379984,-,398,27.0,Glu
2464,DCD1,chr8,389290,-,165,28.0,Eth
2465,MPC2,chr8,423136,+,114,123.0,Eth
2466,MPC2,chr8,423136,+,114,64.8,Glu
2467,SOL3,chr8,423136,+,938,123.0,Eth
2468,SOL3,chr8,423136,+,938,64.8,Glu
2469,YAP1801,chr8,423136,-,354,123.0,Eth
2470,YAP1801,chr8,423136,-,354,64.8,Glu
2471,PRP8,chr8,438069,-,654,69.9,Eth
2472,PRP8,chr8,438069,-,654,39.0,Glu
2473,ENO2,chr8,451296,+,359,58.0,Eth
2474,ENO2,chr8,451296,+,359,33.0,Glu
2475,FMO1,chr8,455147,+,596,25.3,Glu
2476,ROF1,chr8,456244,+,627,112.0,Eth
2477,ROF1,chr8,456244,+,627,50.0,Glu
2478,STB5,chr8,459774,+,163,29.0,Eth
2479,STB5,chr8,459774,+,163,28.0,Glu
2480,OYE2,chr8,462676,+,143,45.2,Eth
2481,OYE2,chr8,462676,+,143,30.5,Glu
2482,GND1,chr8,470997,+,238,43.0,Eth
2483,GND1,chr8,470997,+,238,46.0,Glu
2484,UTP9,chr8,492941,+,714,31.0,Eth
2485,UTP9,chr8,492941,+,714,26.0,Glu
2486,MNL1,chr8,506054,+,568,38.0,Eth
2487,MNL1,chr8,506054,+,568,25.0,Glu
2488,RPS4B,chr8,506054,-,135,38.0,Eth
2489,RPS4B,chr8,506054,-,135,25.0,Glu
2490,SET5,chr8,516208,-,641,24.0,Glu
2491,SUC2,chr9,31031,+,615,24.3,Eth
2492,SUC2,chr9,31031,+,615,19.5,Glu
2493,SUC2,chr9,31334,+,312,29.7,Eth
2494,SUC2,chr9,31334,+,312,19.5,Glu
2495,RPL40A,chr9,62762,+,203,24.0,Eth
2496,MLP2,chr9,62762,-,258,24.0,Eth
2497,RPL16A,chr9,93876,-,151,61.0,Eth
2498,RPL16A,chr9,93876,-,151,36.0,Glu
2499,CSM2,chr9,93876,-,927,61.0,Eth
2500,CSM2,chr9,93876,-,927,36.0,Glu
2501,POG1,chr9,124258,+,371,45.4,Eth
2502,POG1,chr9,124407,+,222,33.6,Eth
2503,POG1,chr9,124407,+,222,22.1,Glu
2504,QDR1,chr9,129157,+,384,31.0,Eth
2505,RPI1,chr9,132610,-,272,39.0,Eth
2506,RPI1,chr9,132610,-,272,25.0,Glu
2507,RHO3,chr9,133106,+,802,477.0,Eth
2508,RHO3,chr9,133106,+,802,282.0,Glu
2509,RPI1,chr9,133106,-,768,477.0,Eth
2510,RPI1,chr9,133106,-,768,282.0,Glu
2511,SLM1,chr9,164053,-,14,28.0,Eth
2512,XBP1,chr9,171776,-,142,157.9,Eth
2513,XBP1,chr9,171776,-,142,87.2,Glu
2514,XBP1,chr9,172064,-,430,224.1,Eth
2515,XBP1,chr9,172064,-,430,99.8,Glu
2516,RSM25,chr9,183995,-,898,25.2,Eth
2517,SER33,chr9,211556,-,248,29.0,Eth
2518,VHR1,chr9,237549,+,482,332.0,Eth
2519,VHR1,chr9,237549,+,482,168.0,Glu
2520,RGI2,chr9,237549,-,738,332.0,Eth
2521,RGI2,chr9,237549,-,738,168.0,Glu
2522,GPP1,chr9,242573,+,836,32.6,Eth
2523,GPP1,chr9,242573,+,836,21.2,Glu
2524,YIL055C,chr9,242573,-,270,32.6,Eth
2525,YIL055C,chr9,242573,-,270,21.2,Glu
2526,GPP1,chr9,242874,+,535,150.4,Eth
2527,GPP1,chr9,242874,+,535,65.8,Glu
2528,YIL055C,chr9,242874,-,571,150.4,Eth
2529,YIL055C,chr9,242874,-,571,65.8,Glu
2530,RPL34B,chr9,245676,-,253,41.0,Eth
2531,RPL34B,chr9,245676,-,253,28.0,Glu
2532,MMF1,chr9,245676,-,990,41.0,Eth
2533,MMF1,chr9,245676,-,990,28.0,Glu
2534,MET30,chr9,256466,+,476,47.6,Eth
2535,MET30,chr9,256466,+,476,52.6,Glu
2536,SYG1,chr9,256466,-,128,47.6,Eth
2537,SYG1,chr9,256466,-,128,52.6,Glu
2538,MET30,chr9,256738,+,204,79.6,Eth
2539,MET30,chr9,256738,+,204,29.6,Glu
2540,SYG1,chr9,256738,-,144,79.6,Eth
2541,SYG1,chr9,256738,-,144,29.6,Glu
2542,MET30,chr9,256977,+,35,24.8,Eth
2543,SYG1,chr9,256977,-,383,24.8,Eth
2544,NOT3,chr9,271382,-,171,28.0,Eth
2545,ULP2,chr9,280238,+,524,34.3,Eth
2546,ULP2,chr9,280238,+,524,19.2,Glu
2547,BCY1,chr9,280238,-,140,34.3,Eth
2548,BCY1,chr9,280238,-,140,19.2,Glu
2549,ULP2,chr9,280421,+,341,52.7,Eth
2550,ULP2,chr9,280421,+,341,27.8,Glu
2551,BCY1,chr9,280421,-,323,52.7,Eth
2552,BCY1,chr9,280421,-,323,27.8,Glu
2553,FAF1,chr9,303294,+,100,37.0,Eth
2554,FAF1,chr9,303294,+,100,32.0,Glu
2555,HIS6,chr9,303294,-,132,37.0,Eth
2556,HIS6,chr9,303294,-,132,32.0,Glu
2557,RPL2B,chr9,304966,+,100,38.0,Eth
2558,RPL2B,chr9,304966,+,100,26.0,Glu
2559,SNL1,chr9,310405,+,654,27.0,Eth
2560,BAR1,chr9,310405,+,227,27.0,Eth
2561,TIR3,chr9,327017,+,919,78.8,Eth
2562,TIR3,chr9,327017,+,919,43.1,Glu
2563,PDR11,chr9,327017,-,241,78.8,Eth
2564,PDR11,chr9,327017,-,241,43.1,Glu
2565,TIR3,chr9,327256,+,680,42.2,Eth
2566,TIR3,chr9,327256,+,680,37.9,Glu
2567,PDR11,chr9,327256,-,480,42.2,Eth
2568,PDR11,chr9,327256,-,480,37.9,Glu
2569,TIR3,chr9,327677,+,259,52.2,Eth
2570,PDR11,chr9,327677,-,901,52.2,Eth
2571,FAA3,chr9,333107,+,451,54.0,Eth
2572,FAA3,chr9,333107,+,451,26.0,Glu
2573,CFD1,chr9,342776,+,533,24.0,Glu
2574,CMI7,chr9,344388,+,111,23.9,Glu
2575,YAP5,chr9,378105,+,701,36.1,Glu
2576,MET28,chr9,378105,-,226,36.1,Glu
2577,YAP5,chr9,378549,+,257,38.0,Eth
2578,MET28,chr9,378549,-,218,38.0,Eth
2579,MGA2,chr9,409904,+,357,27.0,Eth
2580,DAL3,chr9,409904,-,86,27.0,Eth
2581,LYS1,chr9,414877,-,84,20.0,Glu
2582,YIR042C,chr9,429365,-,802,27.0,Eth
2583,YIR042C,chr9,429365,-,802,24.0,Glu
